timestamp_utc,database,index_phase,cache_mode,query_id,run,elapsed_ms,result_rows,avg_cpu_percent,peak_ram_mb,avg_ram_mb,is_real
2026-08-30T17:13:40.274931+00:00,sqlserver,without_extra_indexes,warm,q01_product_by_id,1,1.2806249724235386,1,0.0,3865.6875,3865.6875,True
2026-08-30T17:13:40.276294+00:00,sqlserver,without_extra_indexes,warm,q01_product_by_id,2,0.9462090092711151,1,0.0,3865.6875,3865.6875,True
2026-08-30T17:13:40.277596+00:00,sqlserver,without_extra_indexes,warm,q01_product_by_id,3,0.9123329946305603,1,0.0,3865.6875,3865.6875,True
2026-08-30T17:13:40.278899+00:00,sqlserver,without_extra_indexes,warm,q01_product_by_id,4,0.9202079963870347,1,0.0,3865.6875,3865.6875,True
2026-08-30T17:13:40.280116+00:00,sqlserver,without_extra_indexes,warm,q01_product_by_id,5,0.8922910201363266,1,0.0,3865.6875,3865.6875,True
2026-08-30T17:13:40.281322+00:00,sqlserver,without_extra_indexes,warm,q01_product_by_id,6,0.9024580067489296,1,0.0,3865.6875,3865.6875,True
2026-08-30T17:13:40.282319+00:00,sqlserver,without_extra_indexes,warm,q01_product_by_id,7,0.7476250175386667,1,0.0,3865.6875,3865.6875,True
2026-08-30T17:13:40.283210+00:00,sqlserver,without_extra_indexes,warm,q01_product_by_id,8,0.6815000087954104,1,0.0,3865.6875,3865.6875,True
2026-08-30T17:13:40.284579+00:00,sqlserver,without_extra_indexes,warm,q01_product_by_id,9,1.019332994474098,1,0.0,3865.6875,3865.6875,True
2026-08-30T17:13:40.285959+00:00,sqlserver,without_extra_indexes,warm,q01_product_by_id,10,1.025000005029142,1,0.0,3865.6875,3865.6875,True
2026-08-30T17:13:40.323813+00:00,sqlserver,without_extra_indexes,warm,q02_product_name,1,3.6616669967770576,50,0.0,3865.6875,3865.6875,True
2026-08-30T17:13:40.326844+00:00,sqlserver,without_extra_indexes,warm,q02_product_name,2,2.7463340084068477,50,0.0,3865.6875,3865.6875,True
2026-08-30T17:13:40.330042+00:00,sqlserver,without_extra_indexes,warm,q02_product_name,3,2.925375010818243,50,0.0,3865.6875,3865.6875,True
2026-08-30T17:13:40.332952+00:00,sqlserver,without_extra_indexes,warm,q02_product_name,4,2.6651670050341636,50,0.0,3865.6875,3865.6875,True
2026-08-30T17:13:40.335786+00:00,sqlserver,without_extra_indexes,warm,q02_product_name,5,2.6306670042686164,50,0.0,3865.6875,3865.6875,True
2026-08-30T17:13:40.338679+00:00,sqlserver,without_extra_indexes,warm,q02_product_name,6,2.596250007627532,50,0.0,3865.6875,3865.6875,True
2026-08-30T17:13:40.342209+00:00,sqlserver,without_extra_indexes,warm,q02_product_name,7,3.170749987475574,50,0.0,3865.6875,3865.6875,True
2026-08-30T17:13:40.345818+00:00,sqlserver,without_extra_indexes,warm,q02_product_name,8,3.218917001504451,50,0.0,3865.6875,3865.6875,True
2026-08-30T17:13:40.349017+00:00,sqlserver,without_extra_indexes,warm,q02_product_name,9,2.8695839864667505,50,0.0,3865.6875,3865.6875,True
2026-08-30T17:13:40.352624+00:00,sqlserver,without_extra_indexes,warm,q02_product_name,10,3.3308749843854457,50,0.0,3865.6875,3865.6875,True
2026-08-30T17:13:40.375309+00:00,sqlserver,without_extra_indexes,warm,q03_products_by_category,1,2.335333003429696,200,0.0,3865.6875,3865.6875,True
2026-08-30T17:13:40.377434+00:00,sqlserver,without_extra_indexes,warm,q03_products_by_category,2,1.9002080080099404,200,0.0,3865.6875,3865.6875,True
2026-08-30T17:13:40.379579+00:00,sqlserver,without_extra_indexes,warm,q03_products_by_category,3,1.9649589958135039,200,0.0,3865.6875,3865.6875,True
2026-08-30T17:13:40.381798+00:00,sqlserver,without_extra_indexes,warm,q03_products_by_category,4,1.9928749825339764,200,0.0,3865.6875,3865.6875,True
2026-08-30T17:13:40.383890+00:00,sqlserver,without_extra_indexes,warm,q03_products_by_category,5,1.9123750098515302,200,0.0,3865.6875,3865.6875,True
2026-08-30T17:13:40.386033+00:00,sqlserver,without_extra_indexes,warm,q03_products_by_category,6,1.931000006152317,200,0.0,3865.6875,3865.6875,True
2026-08-30T17:13:40.388142+00:00,sqlserver,without_extra_indexes,warm,q03_products_by_category,7,1.923750009154901,200,0.0,3865.6875,3865.6875,True
2026-08-30T17:13:40.390203+00:00,sqlserver,without_extra_indexes,warm,q03_products_by_category,8,1.8783750128932297,200,0.0,3865.6875,3865.6875,True
2026-08-30T17:13:40.392608+00:00,sqlserver,without_extra_indexes,warm,q03_products_by_category,9,2.0950410107616335,200,0.0,3865.6875,3865.6875,True
2026-08-30T17:13:40.395351+00:00,sqlserver,without_extra_indexes,warm,q03_products_by_category,10,2.456166985211894,200,0.0,3865.6875,3865.6875,True
2026-08-30T17:13:40.497371+00:00,sqlserver,without_extra_indexes,warm,q04_orders_by_customer,1,7.0885419845581055,9,0.0,3865.6875,3865.6875,True
2026-08-30T17:13:40.504242+00:00,sqlserver,without_extra_indexes,warm,q04_orders_by_customer,2,6.488124985480681,9,0.0,3865.6875,3865.6875,True
2026-08-30T17:13:40.510998+00:00,sqlserver,without_extra_indexes,warm,q04_orders_by_customer,3,6.429083994589746,9,0.0,3865.6875,3865.6875,True
2026-08-30T17:13:40.517626+00:00,sqlserver,without_extra_indexes,warm,q04_orders_by_customer,4,6.285333016421646,9,0.0,3865.6875,3865.6875,True
2026-08-30T17:13:40.524781+00:00,sqlserver,without_extra_indexes,warm,q04_orders_by_customer,5,6.8178329966031015,9,0.0,3865.6875,3865.6875,True
2026-08-30T17:13:40.531387+00:00,sqlserver,without_extra_indexes,warm,q04_orders_by_customer,6,6.2097499903757125,9,0.0,3865.6875,3865.6875,True
2026-08-30T17:13:40.537950+00:00,sqlserver,without_extra_indexes,warm,q04_orders_by_customer,7,6.326792004983872,9,0.0,3865.6875,3865.6875,True
2026-08-30T17:13:40.544587+00:00,sqlserver,without_extra_indexes,warm,q04_orders_by_customer,8,6.332834018394351,9,0.0,3865.6875,3865.6875,True
2026-08-30T17:13:40.550983+00:00,sqlserver,without_extra_indexes,warm,q04_orders_by_customer,9,6.1544160125777125,9,0.0,3865.6875,3865.6875,True
2026-08-30T17:13:40.557514+00:00,sqlserver,without_extra_indexes,warm,q04_orders_by_customer,10,6.283458002144471,9,0.0,3865.6875,3865.6875,True
2026-08-30T17:13:41.006650+00:00,sqlserver,without_extra_indexes,warm,q05_complete_order,1,1.1186669871676713,3,0.0,3865.6875,3865.6875,True
2026-08-30T17:13:41.007709+00:00,sqlserver,without_extra_indexes,warm,q05_complete_order,2,0.8380409853998572,3,0.0,3865.6875,3865.6875,True
2026-08-30T17:13:41.008683+00:00,sqlserver,without_extra_indexes,warm,q05_complete_order,3,0.7775420090183616,3,0.0,3865.6875,3865.6875,True
2026-08-30T17:13:41.009625+00:00,sqlserver,without_extra_indexes,warm,q05_complete_order,4,0.7519999926444143,3,0.0,3865.6875,3865.6875,True
2026-08-30T17:13:41.010577+00:00,sqlserver,without_extra_indexes,warm,q05_complete_order,5,0.7881250057835132,3,0.0,3865.6875,3865.6875,True
2026-08-30T17:13:41.011467+00:00,sqlserver,without_extra_indexes,warm,q05_complete_order,6,0.7311660156119615,3,0.0,3865.6875,3865.6875,True
2026-08-30T17:13:41.012327+00:00,sqlserver,without_extra_indexes,warm,q05_complete_order,7,0.7063339871820062,3,0.0,3865.6875,3865.6875,True
2026-08-30T17:13:41.013276+00:00,sqlserver,without_extra_indexes,warm,q05_complete_order,8,0.7979999936651438,3,0.0,3865.6875,3865.6875,True
2026-08-30T17:13:41.014138+00:00,sqlserver,without_extra_indexes,warm,q05_complete_order,9,0.7200840045697987,3,0.0,3865.6875,3865.6875,True
2026-08-30T17:13:41.015013+00:00,sqlserver,without_extra_indexes,warm,q05_complete_order,10,0.7204170105978847,3,0.0,3865.6875,3865.6875,True
2026-08-30T17:13:41.158757+00:00,sqlserver,without_extra_indexes,warm,q06_total_sales,1,24.28795798914507,1,0.0,3868.890625,3868.08984375,True
2026-08-30T17:13:41.183122+00:00,sqlserver,without_extra_indexes,warm,q06_total_sales,2,23.924333014292642,1,0.0,3868.890625,3868.890625,True
2026-08-30T17:13:41.207303+00:00,sqlserver,without_extra_indexes,warm,q06_total_sales,3,23.780042014550418,1,0.0,3868.890625,3868.890625,True
2026-08-30T17:13:41.232874+00:00,sqlserver,without_extra_indexes,warm,q06_total_sales,4,25.132999988272786,1,0.0,3868.890625,3868.890625,True
2026-08-30T17:13:41.257537+00:00,sqlserver,without_extra_indexes,warm,q06_total_sales,5,24.330583022674546,1,28.957528957459544,3868.890625,3868.890625,True
2026-08-30T17:13:41.281847+00:00,sqlserver,without_extra_indexes,warm,q06_total_sales,6,23.82108400342986,1,25.00000002910383,3868.890625,3868.890625,True
2026-08-30T17:13:41.306065+00:00,sqlserver,without_extra_indexes,warm,q06_total_sales,7,23.785750003298745,1,0.0,3868.890625,3868.890625,True
2026-08-30T17:13:41.330668+00:00,sqlserver,without_extra_indexes,warm,q06_total_sales,8,24.28558300016448,1,0.0,3868.890625,3868.890625,True
2026-08-30T17:13:41.355239+00:00,sqlserver,without_extra_indexes,warm,q06_total_sales,9,24.12508401903324,1,0.0,3868.890625,3868.890625,True
2026-08-30T17:13:41.379795+00:00,sqlserver,without_extra_indexes,warm,q06_total_sales,10,24.081707990262657,1,0.0,3868.890625,3868.890625,True
2026-08-30T17:13:41.469354+00:00,sqlserver,without_extra_indexes,warm,q07_sales_date_range,1,20.391917001688853,1,0.0,3868.890625,3868.890625,True
2026-08-30T17:13:41.490186+00:00,sqlserver,without_extra_indexes,warm,q07_sales_date_range,2,20.28991701081395,1,0.0,3868.890625,3868.890625,True
2026-08-30T17:13:41.510877+00:00,sqlserver,without_extra_indexes,warm,q07_sales_date_range,3,20.214582997141406,1,0.0,3868.890625,3868.890625,True
2026-08-30T17:13:41.531291+00:00,sqlserver,without_extra_indexes,warm,q07_sales_date_range,4,20.085916999960318,1,0.0,3868.890625,3868.890625,True
2026-08-30T17:13:41.552433+00:00,sqlserver,without_extra_indexes,warm,q07_sales_date_range,5,20.786707988008857,1,0.0,3868.890625,3868.890625,True
2026-08-30T17:13:41.573691+00:00,sqlserver,without_extra_indexes,warm,q07_sales_date_range,6,20.886957994662225,1,0.0,3868.890625,3868.890625,True
2026-08-30T17:13:41.594414+00:00,sqlserver,without_extra_indexes,warm,q07_sales_date_range,7,20.259083015844226,1,0.0,3868.890625,3868.890625,True
2026-08-30T17:13:41.615298+00:00,sqlserver,without_extra_indexes,warm,q07_sales_date_range,8,20.35683300346136,1,0.0,3868.890625,3868.890625,True
2026-08-30T17:13:41.637278+00:00,sqlserver,without_extra_indexes,warm,q07_sales_date_range,9,21.24983398243785,1,0.0,3868.890625,3868.890625,True
2026-08-30T17:13:41.658001+00:00,sqlserver,without_extra_indexes,warm,q07_sales_date_range,10,20.315708010457456,1,0.0,3868.890625,3868.890625,True
2026-08-30T17:13:42.199240+00:00,sqlserver,without_extra_indexes,warm,q08_top_products,1,93.34595798281953,20,0.0,3868.890625,3864.5868055555557,True
2026-08-30T17:13:42.283825+00:00,sqlserver,without_extra_indexes,warm,q08_top_products,2,84.39362500212155,20,36.76286072703988,3861.0,3861.0,True
2026-08-30T17:13:42.328952+00:00,sqlserver,without_extra_indexes,warm,q08_top_products,3,44.79733400512487,20,73.68421051019179,3861.0,3861.0,True
2026-08-30T17:13:42.413232+00:00,sqlserver,without_extra_indexes,warm,q08_top_products,4,83.99650000501424,20,0.0,3861.0,3861.0,True
2026-08-30T17:13:42.505072+00:00,sqlserver,without_extra_indexes,warm,q08_top_products,5,91.50620800210163,20,0.0,3861.0,3861.0,True
2026-08-30T17:13:42.600184+00:00,sqlserver,without_extra_indexes,warm,q08_top_products,6,94.75820802617818,20,0.0,3861.0,3861.0,True
2026-08-30T17:13:42.703873+00:00,sqlserver,without_extra_indexes,warm,q08_top_products,7,103.06912500527687,20,0.0,3861.0,3861.0,True
2026-08-30T17:13:42.799739+00:00,sqlserver,without_extra_indexes,warm,q08_top_products,8,95.45933300978504,20,0.0,3861.0,3861.0,True
2026-08-30T17:13:42.886901+00:00,sqlserver,without_extra_indexes,warm,q08_top_products,9,86.75079100066796,20,0.0,3861.0,3861.0,True
2026-08-30T17:13:42.924820+00:00,sqlserver,without_extra_indexes,warm,q08_top_products,10,37.55979100242257,20,0.0,3861.0,3861.0,True
2026-08-30T17:13:43.111106+00:00,sqlserver,without_extra_indexes,warm,q09_sales_by_category,1,47.42479199194349,50,0.0,3861.0,3861.0,True
2026-08-30T17:13:43.202926+00:00,sqlserver,without_extra_indexes,warm,q09_sales_by_category,2,91.42904100008309,50,0.0,3861.0,3860.2552083333335,True
2026-08-30T17:13:43.296309+00:00,sqlserver,without_extra_indexes,warm,q09_sales_by_category,3,92.90691697970033,50,33.68146214233339,3859.453125,3859.2083333333335,True
2026-08-30T17:13:43.383674+00:00,sqlserver,without_extra_indexes,warm,q09_sales_by_category,4,86.9069590116851,50,32.39436619625935,3858.9375,3858.9375,True
2026-08-30T17:13:43.420090+00:00,sqlserver,without_extra_indexes,warm,q09_sales_by_category,5,36.123208003118634,50,62.06896548678791,3858.9375,3858.9375,True
2026-08-30T17:13:43.504371+00:00,sqlserver,without_extra_indexes,warm,q09_sales_by_category,6,84.00645799702033,50,35.82089552498141,3858.9375,3858.9375,True
2026-08-30T17:13:43.599556+00:00,sqlserver,without_extra_indexes,warm,q09_sales_by_category,7,94.92725000018254,50,26.315789489808218,3858.9375,3858.9375,True
2026-08-30T17:13:43.694124+00:00,sqlserver,without_extra_indexes,warm,q09_sales_by_category,8,94.196040998213,50,0.0,3858.9375,3858.9375,True
2026-08-30T17:13:43.788381+00:00,sqlserver,without_extra_indexes,warm,q09_sales_by_category,9,93.90162499039434,50,0.0,3858.9375,3858.9375,True
2026-08-30T17:13:43.826678+00:00,sqlserver,without_extra_indexes,warm,q09_sales_by_category,10,37.96987500390969,50,0.0,3858.9375,3858.9375,True
2026-08-30T17:13:43.906097+00:00,sqlserver,without_extra_indexes,warm,q10_average_order_value,1,47.46895900461823,1,0.0,3858.9375,3858.9375,True
2026-08-30T17:13:43.933097+00:00,sqlserver,without_extra_indexes,warm,q10_average_order_value,2,26.431666978169233,1,0.0,3858.9375,3858.9375,True
2026-08-30T17:13:43.959733+00:00,sqlserver,without_extra_indexes,warm,q10_average_order_value,3,26.1875829892233,1,0.0,3858.9375,3858.9375,True
2026-08-30T17:13:43.986569+00:00,sqlserver,without_extra_indexes,warm,q10_average_order_value,4,26.429375022416934,1,0.0,3858.9375,3858.9375,True
2026-08-30T17:13:44.013016+00:00,sqlserver,without_extra_indexes,warm,q10_average_order_value,5,25.951874995371327,1,0.0,3858.9375,3858.9375,True
2026-08-30T17:13:44.039296+00:00,sqlserver,without_extra_indexes,warm,q10_average_order_value,6,25.830375001532957,1,0.0,3858.9375,3858.9375,True
2026-08-30T17:13:44.065506+00:00,sqlserver,without_extra_indexes,warm,q10_average_order_value,7,25.760874996194616,1,0.0,3858.9375,3858.9375,True
2026-08-30T17:13:44.091922+00:00,sqlserver,without_extra_indexes,warm,q10_average_order_value,8,25.98091698018834,1,0.0,3858.9375,3858.9375,True
2026-08-30T17:13:44.118356+00:00,sqlserver,without_extra_indexes,warm,q10_average_order_value,9,25.883125024847686,1,0.0,3858.9375,3858.9375,True
2026-08-30T17:13:44.144721+00:00,sqlserver,without_extra_indexes,warm,q10_average_order_value,10,25.762459001271054,1,0.0,3858.9375,3858.9375,True
2026-08-30T17:13:44.216343+00:00,sqlserver,without_extra_indexes,warm,q11_orders_by_status,1,31.435500015504658,6,0.0,3853.078125,3853.0546875,True
2026-08-30T17:13:44.248356+00:00,sqlserver,without_extra_indexes,warm,q11_orders_by_status,2,31.466334010474384,6,0.0,3853.40625,3853.30859375,True
2026-08-30T17:13:44.280483+00:00,sqlserver,without_extra_indexes,warm,q11_orders_by_status,3,31.598915986251086,6,0.0,3853.40625,3853.40625,True
2026-08-30T17:13:44.312904+00:00,sqlserver,without_extra_indexes,warm,q11_orders_by_status,4,31.846041994867846,6,24.82394366078107,3853.40625,3853.40625,True
2026-08-30T17:13:44.344800+00:00,sqlserver,without_extra_indexes,warm,q11_orders_by_status,5,31.37970800162293,6,0.0,3853.40625,3853.40625,True
2026-08-30T17:13:44.376425+00:00,sqlserver,without_extra_indexes,warm,q11_orders_by_status,6,31.243000004906207,6,0.0,3853.40625,3853.40625,True
2026-08-30T17:13:44.408386+00:00,sqlserver,without_extra_indexes,warm,q11_orders_by_status,7,31.426208006450906,6,0.0,3853.40625,3853.40625,True
2026-08-30T17:13:44.440248+00:00,sqlserver,without_extra_indexes,warm,q11_orders_by_status,8,31.40508398064412,6,0.0,3853.40625,3853.40625,True
2026-08-30T17:13:44.471936+00:00,sqlserver,without_extra_indexes,warm,q11_orders_by_status,9,31.24470799230039,6,0.0,3853.40625,3853.40625,True
2026-08-30T17:13:44.504729+00:00,sqlserver,without_extra_indexes,warm,q11_orders_by_status,10,32.262499997159466,6,0.0,3853.40625,3853.40625,True
2026-08-30T17:13:44.638322+00:00,sqlserver,without_extra_indexes,warm,q12_top_customers,1,57.007041992619634,20,0.0,3853.40625,3853.40625,True
2026-08-30T17:13:44.692727+00:00,sqlserver,without_extra_indexes,warm,q12_top_customers,2,54.049208003561944,20,0.0,3853.40625,3853.40625,True
2026-08-30T17:13:44.746774+00:00,sqlserver,without_extra_indexes,warm,q12_top_customers,3,53.66849998245016,20,0.0,3853.40625,3853.40625,True
2026-08-30T17:13:44.800297+00:00,sqlserver,without_extra_indexes,warm,q12_top_customers,4,53.03716700291261,20,0.0,3853.40625,3853.40625,True
2026-08-30T17:13:44.853829+00:00,sqlserver,without_extra_indexes,warm,q12_top_customers,5,53.07895800797269,20,0.0,3853.40625,3853.40625,True
2026-08-30T17:13:44.906376+00:00,sqlserver,without_extra_indexes,warm,q12_top_customers,6,52.15762497391552,20,0.0,3853.40625,3853.40625,True
2026-08-30T17:13:44.959938+00:00,sqlserver,without_extra_indexes,warm,q12_top_customers,7,53.13050001859665,20,0.0,3853.40625,3853.40625,True
2026-08-30T17:13:45.013123+00:00,sqlserver,without_extra_indexes,warm,q12_top_customers,8,52.744167012861,20,0.0,3853.40625,3853.40625,True
2026-08-30T17:13:45.067326+00:00,sqlserver,without_extra_indexes,warm,q12_top_customers,9,53.761832998134196,20,0.0,3853.40625,3853.40625,True
2026-08-30T17:13:45.121358+00:00,sqlserver,without_extra_indexes,warm,q12_top_customers,10,53.5726250091102,20,0.0,3853.40625,3853.40625,True
2026-08-30T17:13:46.789730+00:00,sqlserver,without_extra_indexes,warm,q13_heavy_multi_join,1,562.2333330102265,100,35.49107143058995,3904.984375,3904.8671875,True
2026-08-30T17:13:47.295272+00:00,sqlserver,without_extra_indexes,warm,q13_heavy_multi_join,2,505.2565409860108,100,31.513647642923615,3904.984375,3903.5752180232557,True
2026-08-30T17:13:47.894791+00:00,sqlserver,without_extra_indexes,warm,q13_heavy_multi_join,3,599.1658340208232,100,30.526315788493342,3896.328125,3896.328125,True
2026-08-30T17:13:48.326217+00:00,sqlserver,without_extra_indexes,warm,q13_heavy_multi_join,4,430.98958299378864,100,37.068965518510275,3914.65625,3900.779560810811,True
2026-08-30T17:13:48.827513+00:00,sqlserver,without_extra_indexes,warm,q13_heavy_multi_join,5,500.88741700164974,100,33.08457711225233,3914.640625,3914.640625,True
2026-08-30T17:13:49.396277+00:00,sqlserver,without_extra_indexes,warm,q13_heavy_multi_join,6,568.2638750004116,100,29.01785714250912,3917.703125,3915.578125,True
2026-08-30T17:13:49.895935+00:00,sqlserver,without_extra_indexes,warm,q13_heavy_multi_join,7,499.2344589845743,100,31.50000000023283,3917.703125,3917.703125,True
2026-08-30T17:13:50.390893+00:00,sqlserver,without_extra_indexes,warm,q13_heavy_multi_join,8,494.5353750081267,100,33.75634518003474,3922.796875,3919.439630681818,True
2026-08-30T17:13:50.896698+00:00,sqlserver,without_extra_indexes,warm,q13_heavy_multi_join,9,505.36441698204726,100,35.32338308256007,3922.796875,3922.796875,True
2026-08-30T17:13:51.396031+00:00,sqlserver,without_extra_indexes,warm,q13_heavy_multi_join,10,498.78458300372586,100,32.00000000069849,3928.875,3924.7757994186045,True
2026-08-30T17:13:51.403956+00:00,sqlserver,without_extra_indexes,warm,q14_insert,1,7.387749996269122,1,33.333333333333336,3928.875,3928.875,True
2026-08-30T17:13:51.408144+00:00,sqlserver,without_extra_indexes,warm,q14_insert,2,1.5134580025915056,1,0.0,3928.875,3928.875,True
2026-08-30T17:13:51.410002+00:00,sqlserver,without_extra_indexes,warm,q14_insert,3,1.052292005624622,1,0.0,3928.875,3928.875,True
2026-08-30T17:13:51.412191+00:00,sqlserver,without_extra_indexes,warm,q14_insert,4,1.2347910087555647,1,0.0,3928.875,3928.875,True
2026-08-30T17:13:51.414442+00:00,sqlserver,without_extra_indexes,warm,q14_insert,5,1.2450840149540454,1,0.0,3928.875,3928.875,True
2026-08-30T17:13:51.416623+00:00,sqlserver,without_extra_indexes,warm,q14_insert,6,1.2157500023022294,1,0.0,3928.875,3928.875,True
2026-08-30T17:13:51.418767+00:00,sqlserver,without_extra_indexes,warm,q14_insert,7,1.1496250226628035,1,0.0,3928.875,3928.875,True
2026-08-30T17:13:51.420713+00:00,sqlserver,without_extra_indexes,warm,q14_insert,8,1.0299999848939478,1,0.0,3928.875,3928.875,True
2026-08-30T17:13:51.422741+00:00,sqlserver,without_extra_indexes,warm,q14_insert,9,1.1180829897057265,1,0.0,3928.875,3928.875,True
2026-08-30T17:13:51.424608+00:00,sqlserver,without_extra_indexes,warm,q14_insert,10,1.0215000074822456,1,0.0,3928.875,3928.875,True
2026-08-30T17:13:51.438863+00:00,sqlserver,without_extra_indexes,warm,q15_update,1,13.466124975821003,1,0.0,3928.875,3928.875,True
2026-08-30T17:13:51.441211+00:00,sqlserver,without_extra_indexes,warm,q15_update,2,0.983458012342453,1,0.0,3928.875,3928.875,True
2026-08-30T17:13:51.442772+00:00,sqlserver,without_extra_indexes,warm,q15_update,3,0.9251250012312084,1,0.0,3928.875,3928.875,True
2026-08-30T17:13:51.444291+00:00,sqlserver,without_extra_indexes,warm,q15_update,4,0.8648330112919211,1,0.0,3928.875,3928.875,True
2026-08-30T17:13:51.445967+00:00,sqlserver,without_extra_indexes,warm,q15_update,5,0.9293340262956917,1,0.0,3928.875,3928.875,True
2026-08-30T17:13:51.447809+00:00,sqlserver,without_extra_indexes,warm,q15_update,6,0.9665410034358501,1,0.0,3928.875,3928.875,True
2026-08-30T17:13:51.449919+00:00,sqlserver,without_extra_indexes,warm,q15_update,7,1.2927920033689588,1,0.0,3928.875,3928.875,True
2026-08-30T17:13:51.451623+00:00,sqlserver,without_extra_indexes,warm,q15_update,8,0.8782499935477972,1,0.0,3928.875,3928.875,True
2026-08-30T17:13:51.453273+00:00,sqlserver,without_extra_indexes,warm,q15_update,9,0.8583749877288938,1,0.0,3928.875,3928.875,True
2026-08-30T17:13:51.454862+00:00,sqlserver,without_extra_indexes,warm,q15_update,10,0.8288329991046339,1,0.0,3928.875,3928.875,True
2026-08-30T17:13:51.480449+00:00,sqlserver,without_extra_indexes,warm,q16_delete,1,23.74249999411404,1,0.0,3928.875,3928.875,True
2026-08-30T17:13:51.498998+00:00,sqlserver,without_extra_indexes,warm,q16_delete,2,16.31604100111872,1,0.0,3928.875,3928.875,True
2026-08-30T17:13:51.516819+00:00,sqlserver,without_extra_indexes,warm,q16_delete,3,15.844875015318394,1,0.0,3928.875,3928.875,True
2026-08-30T17:13:51.534734+00:00,sqlserver,without_extra_indexes,warm,q16_delete,4,15.995791007298976,1,0.0,3928.875,3928.875,True
2026-08-30T17:13:51.552263+00:00,sqlserver,without_extra_indexes,warm,q16_delete,5,15.75024999328889,1,0.0,3928.875,3928.875,True
2026-08-30T17:13:51.570008+00:00,sqlserver,without_extra_indexes,warm,q16_delete,6,16.02637500036508,1,0.0,3928.875,3928.875,True
2026-08-30T17:13:51.588373+00:00,sqlserver,without_extra_indexes,warm,q16_delete,7,16.490165988216177,1,0.0,3928.875,3928.875,True
2026-08-30T17:13:51.606873+00:00,sqlserver,without_extra_indexes,warm,q16_delete,8,16.513541020685807,1,0.0,3928.875,3928.875,True
2026-08-30T17:13:51.625427+00:00,sqlserver,without_extra_indexes,warm,q16_delete,9,16.031292005209252,1,0.0,3928.875,3928.875,True
2026-08-30T17:13:51.643350+00:00,sqlserver,without_extra_indexes,warm,q16_delete,10,15.870874980464578,1,0.0,3928.875,3928.875,True
2026-08-30T17:13:52.613064+00:00,sqlserver,with_indexes,warm,q01_product_by_id,1,0.9510839881841093,1,100.0,3933.0,3932.96875,True
2026-08-30T17:13:52.614196+00:00,sqlserver,with_indexes,warm,q01_product_by_id,2,0.8801659860182554,1,0.0,3933.03125,3933.0,True
2026-08-30T17:13:52.615074+00:00,sqlserver,with_indexes,warm,q01_product_by_id,3,0.7110410078894347,1,0.0,3933.046875,3933.0234375,True
2026-08-30T17:13:52.615964+00:00,sqlserver,with_indexes,warm,q01_product_by_id,4,0.7143749971874058,1,0.0,3933.015625,3933.015625,True
2026-08-30T17:13:52.616910+00:00,sqlserver,with_indexes,warm,q01_product_by_id,5,0.767707999330014,1,0.0,3933.015625,3933.015625,True
2026-08-30T17:13:52.617784+00:00,sqlserver,with_indexes,warm,q01_product_by_id,6,0.6996250012889504,1,0.0,3933.015625,3933.015625,True
2026-08-30T17:13:52.618792+00:00,sqlserver,with_indexes,warm,q01_product_by_id,7,0.773874984588474,1,0.0,3933.015625,3933.015625,True
2026-08-30T17:13:52.619857+00:00,sqlserver,with_indexes,warm,q01_product_by_id,8,0.8204170153476298,1,0.0,3933.015625,3933.015625,True
2026-08-30T17:13:52.620829+00:00,sqlserver,with_indexes,warm,q01_product_by_id,9,0.714167021214962,1,0.0,3933.015625,3933.015625,True
2026-08-30T17:13:52.621698+00:00,sqlserver,with_indexes,warm,q01_product_by_id,10,0.6770000036340207,1,0.0,3933.015625,3933.015625,True
2026-08-30T17:13:52.629710+00:00,sqlserver,with_indexes,warm,q02_product_name,1,1.5693339810241014,50,0.0,3933.015625,3933.015625,True
2026-08-30T17:13:52.631816+00:00,sqlserver,with_indexes,warm,q02_product_name,2,1.7213750106748194,50,0.0,3933.015625,3933.015625,True
2026-08-30T17:13:52.633839+00:00,sqlserver,with_indexes,warm,q02_product_name,3,1.6801249876152724,50,0.0,3933.015625,3933.015625,True
2026-08-30T17:13:52.635599+00:00,sqlserver,with_indexes,warm,q02_product_name,4,1.4728749811183661,50,0.0,3933.015625,3933.015625,True
2026-08-30T17:13:52.637376+00:00,sqlserver,with_indexes,warm,q02_product_name,5,1.514875009888783,50,0.0,3933.015625,3933.015625,True
2026-08-30T17:13:52.638833+00:00,sqlserver,with_indexes,warm,q02_product_name,6,1.2402909924276173,50,0.0,3933.015625,3933.015625,True
2026-08-30T17:13:52.640263+00:00,sqlserver,with_indexes,warm,q02_product_name,7,1.260249991901219,50,0.0,3933.015625,3933.015625,True
2026-08-30T17:13:52.641767+00:00,sqlserver,with_indexes,warm,q02_product_name,8,1.2642079964280128,50,0.0,3933.015625,3933.015625,True
2026-08-30T17:13:52.643530+00:00,sqlserver,with_indexes,warm,q02_product_name,9,1.491625007474795,50,0.0,3933.015625,3933.015625,True
2026-08-30T17:13:52.645059+00:00,sqlserver,with_indexes,warm,q02_product_name,10,1.295082998694852,50,0.0,3933.015625,3933.015625,True
2026-08-30T17:13:52.655853+00:00,sqlserver,with_indexes,warm,q03_products_by_category,1,3.400666988454759,200,0.0,3933.015625,3933.015625,True
2026-08-30T17:13:52.658572+00:00,sqlserver,with_indexes,warm,q03_products_by_category,2,2.3388749978039414,200,0.0,3933.015625,3933.015625,True
2026-08-30T17:13:52.661270+00:00,sqlserver,with_indexes,warm,q03_products_by_category,3,2.38341698423028,200,0.0,3933.015625,3933.015625,True
2026-08-30T17:13:52.663511+00:00,sqlserver,with_indexes,warm,q03_products_by_category,4,1.9846250070258975,200,0.0,3933.015625,3933.015625,True
2026-08-30T17:13:52.665891+00:00,sqlserver,with_indexes,warm,q03_products_by_category,5,2.1136249997653067,200,0.0,3933.015625,3933.015625,True
2026-08-30T17:13:52.668667+00:00,sqlserver,with_indexes,warm,q03_products_by_category,6,2.5118339981418103,200,0.0,3933.015625,3933.015625,True
2026-08-30T17:13:52.670900+00:00,sqlserver,with_indexes,warm,q03_products_by_category,7,2.00433301506564,200,0.0,3933.015625,3933.015625,True
2026-08-30T17:13:52.673218+00:00,sqlserver,with_indexes,warm,q03_products_by_category,8,2.031999989412725,200,0.0,3933.015625,3933.015625,True
2026-08-30T17:13:52.675902+00:00,sqlserver,with_indexes,warm,q03_products_by_category,9,2.359959005843848,200,0.0,3933.015625,3933.015625,True
2026-08-30T17:13:52.679102+00:00,sqlserver,with_indexes,warm,q03_products_by_category,10,2.906542009441182,200,0.0,3933.015625,3933.015625,True
2026-08-30T17:13:52.685798+00:00,sqlserver,with_indexes,warm,q04_orders_by_customer,1,1.318666007136926,9,0.0,3933.015625,3933.015625,True
2026-08-30T17:13:52.687385+00:00,sqlserver,with_indexes,warm,q04_orders_by_customer,2,1.1144590098410845,9,0.0,3933.015625,3933.015625,True
2026-08-30T17:13:52.689033+00:00,sqlserver,with_indexes,warm,q04_orders_by_customer,3,1.2190419947728515,9,0.0,3933.015625,3933.015625,True
2026-08-30T17:13:52.690111+00:00,sqlserver,with_indexes,warm,q04_orders_by_customer,4,0.8049579919315875,9,0.0,3933.015625,3933.015625,True
2026-08-30T17:13:52.691119+00:00,sqlserver,with_indexes,warm,q04_orders_by_customer,5,0.8078330138232559,9,0.0,3933.015625,3933.015625,True
2026-08-30T17:13:52.692090+00:00,sqlserver,with_indexes,warm,q04_orders_by_customer,6,0.7960000075399876,9,0.0,3933.015625,3933.015625,True
2026-08-30T17:13:52.693125+00:00,sqlserver,with_indexes,warm,q04_orders_by_customer,7,0.7799160084687173,9,0.0,3933.015625,3933.015625,True
2026-08-30T17:13:52.694506+00:00,sqlserver,with_indexes,warm,q04_orders_by_customer,8,1.0451250127516687,9,0.0,3933.015625,3933.015625,True
2026-08-30T17:13:52.695845+00:00,sqlserver,with_indexes,warm,q04_orders_by_customer,9,0.9950000094249845,9,0.0,3933.015625,3933.015625,True
2026-08-30T17:13:52.697264+00:00,sqlserver,with_indexes,warm,q04_orders_by_customer,10,1.072790997568518,9,0.0,3933.015625,3933.015625,True
2026-08-30T17:13:52.709806+00:00,sqlserver,with_indexes,warm,q05_complete_order,1,1.088832999812439,3,0.0,3933.015625,3933.015625,True
2026-08-30T17:13:52.710883+00:00,sqlserver,with_indexes,warm,q05_complete_order,2,0.8645000052638352,3,0.0,3933.015625,3933.015625,True
2026-08-30T17:13:52.711932+00:00,sqlserver,with_indexes,warm,q05_complete_order,3,0.8374580065719783,3,0.0,3933.015625,3933.015625,True
2026-08-30T17:13:52.712942+00:00,sqlserver,with_indexes,warm,q05_complete_order,4,0.8290830010082573,3,0.0,3933.015625,3933.015625,True
2026-08-30T17:13:52.713954+00:00,sqlserver,with_indexes,warm,q05_complete_order,5,0.8507500169798732,3,0.0,3933.015625,3933.015625,True
2026-08-30T17:13:52.715193+00:00,sqlserver,with_indexes,warm,q05_complete_order,6,1.065165997715667,3,0.0,3933.015625,3933.015625,True
2026-08-30T17:13:52.716107+00:00,sqlserver,with_indexes,warm,q05_complete_order,7,0.7545420085079968,3,0.0,3933.015625,3933.015625,True
2026-08-30T17:13:52.717355+00:00,sqlserver,with_indexes,warm,q05_complete_order,8,1.0270420170854777,3,0.0,3933.015625,3933.015625,True
2026-08-30T17:13:52.718754+00:00,sqlserver,with_indexes,warm,q05_complete_order,9,1.0676250094547868,3,0.0,3933.015625,3933.015625,True
2026-08-30T17:13:52.720203+00:00,sqlserver,with_indexes,warm,q05_complete_order,10,1.1057090014219284,3,0.0,3933.015625,3933.015625,True
2026-08-30T17:13:52.773524+00:00,sqlserver,with_indexes,warm,q06_total_sales,1,23.752042005071416,1,0.0,3933.015625,3933.015625,True
2026-08-30T17:13:52.797627+00:00,sqlserver,with_indexes,warm,q06_total_sales,2,23.63820801838301,1,0.0,3933.015625,3933.015625,True
2026-08-30T17:13:52.821503+00:00,sqlserver,with_indexes,warm,q06_total_sales,3,23.440916993422434,1,0.0,3933.015625,3933.015625,True
2026-08-30T17:13:52.845253+00:00,sqlserver,with_indexes,warm,q06_total_sales,4,23.36158399702981,1,0.0,3933.015625,3933.015625,True
2026-08-30T17:13:52.869158+00:00,sqlserver,with_indexes,warm,q06_total_sales,5,23.514000000432134,1,0.0,3933.015625,3933.015625,True
2026-08-30T17:13:52.893215+00:00,sqlserver,with_indexes,warm,q06_total_sales,6,23.475541995139793,1,0.0,3933.015625,3933.015625,True
2026-08-30T17:13:52.917547+00:00,sqlserver,with_indexes,warm,q06_total_sales,7,23.661375016672537,1,0.0,3933.015625,3933.015625,True
2026-08-30T17:13:52.941454+00:00,sqlserver,with_indexes,warm,q06_total_sales,8,23.422750004101545,1,0.0,3933.015625,3933.015625,True
2026-08-30T17:13:52.965256+00:00,sqlserver,with_indexes,warm,q06_total_sales,9,23.34099999279715,1,0.0,3933.015625,3933.015625,True
2026-08-30T17:13:52.989140+00:00,sqlserver,with_indexes,warm,q06_total_sales,10,23.474166984669864,1,0.0,3933.015625,3933.015625,True
2026-08-30T17:13:53.014033+00:00,sqlserver,with_indexes,warm,q07_sales_date_range,1,9.228624985553324,1,0.0,3933.015625,3933.015625,True
2026-08-30T17:13:53.023012+00:00,sqlserver,with_indexes,warm,q07_sales_date_range,2,8.683583000674844,1,0.0,3933.015625,3933.015625,True
2026-08-30T17:13:53.031864+00:00,sqlserver,with_indexes,warm,q07_sales_date_range,3,8.574625011533499,1,0.0,3933.015625,3933.015625,True
2026-08-30T17:13:53.040980+00:00,sqlserver,with_indexes,warm,q07_sales_date_range,4,8.752249996177852,1,0.0,3933.015625,3933.015625,True
2026-08-30T17:13:53.050054+00:00,sqlserver,with_indexes,warm,q07_sales_date_range,5,8.650542004033923,1,0.0,3933.015625,3933.015625,True
2026-08-30T17:13:53.059134+00:00,sqlserver,with_indexes,warm,q07_sales_date_range,6,8.692583010997623,1,0.0,3933.015625,3933.015625,True
2026-08-30T17:13:53.068506+00:00,sqlserver,with_indexes,warm,q07_sales_date_range,7,8.893333986634389,1,0.0,3933.015625,3933.015625,True
2026-08-30T17:13:53.077770+00:00,sqlserver,with_indexes,warm,q07_sales_date_range,8,8.781125012319535,1,0.0,3933.015625,3933.015625,True
2026-08-30T17:13:53.086801+00:00,sqlserver,with_indexes,warm,q07_sales_date_range,9,8.602791000157595,1,0.0,3933.015625,3933.015625,True
2026-08-30T17:13:53.096086+00:00,sqlserver,with_indexes,warm,q07_sales_date_range,10,8.953290991485119,1,0.0,3933.015625,3933.015625,True
2026-08-30T17:13:53.211766+00:00,sqlserver,with_indexes,warm,q08_top_products,1,50.27462501311675,20,0.0,3933.015625,3933.015625,True
2026-08-30T17:13:53.299358+00:00,sqlserver,with_indexes,warm,q08_top_products,2,87.27912500035018,20,0.0,3933.015625,3933.015625,True
2026-08-30T17:13:53.398187+00:00,sqlserver,with_indexes,warm,q08_top_products,3,98.4953329898417,20,0.0,3933.015625,3933.015625,True
2026-08-30T17:13:53.486529+00:00,sqlserver,with_indexes,warm,q08_top_products,4,88.00904199597426,20,0.0,3933.015625,3933.015625,True
2026-08-30T17:13:53.527496+00:00,sqlserver,with_indexes,warm,q08_top_products,5,40.65249999985099,20,0.0,3933.015625,3933.015625,True
2026-08-30T17:13:53.599107+00:00,sqlserver,with_indexes,warm,q08_top_products,6,71.24316599220037,20,0.0,3933.015625,3933.015625,True
2026-08-30T17:13:53.699103+00:00,sqlserver,with_indexes,warm,q08_top_products,7,99.58583299885504,20,28.604651162047755,3933.015625,3930.728125,True
2026-08-30T17:13:53.794172+00:00,sqlserver,with_indexes,warm,q08_top_products,8,94.73929100204259,20,31.081081078955165,3930.15625,3930.15625,True
2026-08-30T17:13:53.831091+00:00,sqlserver,with_indexes,warm,q08_top_products,9,36.606375011615455,20,58.620689702236874,3930.15625,3930.15625,True
2026-08-30T17:13:53.918751+00:00,sqlserver,with_indexes,warm,q08_top_products,10,87.3315829958301,20,0.0,3930.15625,3930.15625,True
2026-08-30T17:13:54.086488+00:00,sqlserver,with_indexes,warm,q09_sales_by_category,1,80.19429200794548,50,0.0,3930.15625,3930.15625,True
2026-08-30T17:13:54.116600+00:00,sqlserver,with_indexes,warm,q09_sales_by_category,2,29.747250024229288,50,0.0,3930.15625,3930.15625,True
2026-08-30T17:13:54.194683+00:00,sqlserver,with_indexes,warm,q09_sales_by_category,3,77.75241599301808,50,0.0,3930.15625,3930.15625,True
2026-08-30T17:13:54.282325+00:00,sqlserver,with_indexes,warm,q09_sales_by_category,4,87.32554200105369,50,0.0,3930.15625,3930.15625,True
2026-08-30T17:13:54.317160+00:00,sqlserver,with_indexes,warm,q09_sales_by_category,5,34.548375027952716,50,0.0,3930.15625,3930.15625,True
2026-08-30T17:13:54.394526+00:00,sqlserver,with_indexes,warm,q09_sales_by_category,6,76.9834999809973,50,0.0,3930.15625,3930.15625,True
2026-08-30T17:13:54.486516+00:00,sqlserver,with_indexes,warm,q09_sales_by_category,7,91.62004198879004,50,0.0,3930.15625,3930.15625,True
2026-08-30T17:13:54.536679+00:00,sqlserver,with_indexes,warm,q09_sales_by_category,8,49.81612501433119,50,0.0,3930.15625,3930.15625,True
2026-08-30T17:13:54.597600+00:00,sqlserver,with_indexes,warm,q09_sales_by_category,9,60.5940830137115,50,0.0,3930.15625,3930.15625,True
2026-08-30T17:13:54.689701+00:00,sqlserver,with_indexes,warm,q09_sales_by_category,10,91.66045801248401,50,0.0,3930.734375,3930.534722222222,True
2026-08-30T17:13:54.754139+00:00,sqlserver,with_indexes,warm,q10_average_order_value,1,26.51883297949098,1,20.833333353544326,3930.796875,3930.7890625,True
2026-08-30T17:13:54.780349+00:00,sqlserver,with_indexes,warm,q10_average_order_value,2,25.699874997371808,1,16.666666666666664,3930.796875,3930.796875,True
2026-08-30T17:13:54.806241+00:00,sqlserver,with_indexes,warm,q10_average_order_value,3,25.490750005701557,1,0.0,3930.796875,3930.796875,True
2026-08-30T17:13:54.832141+00:00,sqlserver,with_indexes,warm,q10_average_order_value,4,25.544332980643958,1,0.0,3930.796875,3930.796875,True
2026-08-30T17:13:54.858074+00:00,sqlserver,with_indexes,warm,q10_average_order_value,5,25.44779100571759,1,0.0,3930.796875,3930.796875,True
2026-08-30T17:13:54.883966+00:00,sqlserver,with_indexes,warm,q10_average_order_value,6,25.45849999296479,1,0.0,3930.796875,3930.796875,True
2026-08-30T17:13:54.909823+00:00,sqlserver,with_indexes,warm,q10_average_order_value,7,25.476082984823734,1,0.0,3930.796875,3930.796875,True
2026-08-30T17:13:54.935684+00:00,sqlserver,with_indexes,warm,q10_average_order_value,8,25.486874976195395,1,0.0,3930.796875,3930.796875,True
2026-08-30T17:13:54.961562+00:00,sqlserver,with_indexes,warm,q10_average_order_value,9,25.490957981674,1,0.0,3930.796875,3930.796875,True
2026-08-30T17:13:54.987493+00:00,sqlserver,with_indexes,warm,q10_average_order_value,10,25.45454099890776,1,0.0,3930.796875,3930.796875,True
2026-08-30T17:13:55.022588+00:00,sqlserver,with_indexes,warm,q11_orders_by_status,1,15.82258299458772,6,0.0,3930.796875,3930.796875,True
2026-08-30T17:13:55.038519+00:00,sqlserver,with_indexes,warm,q11_orders_by_status,2,15.517749998252839,6,0.0,3930.796875,3930.796875,True
2026-08-30T17:13:55.054181+00:00,sqlserver,with_indexes,warm,q11_orders_by_status,3,15.244000009261072,6,0.0,3930.796875,3930.796875,True
2026-08-30T17:13:55.070151+00:00,sqlserver,with_indexes,warm,q11_orders_by_status,4,15.571625001030043,6,0.0,3930.796875,3930.796875,True
2026-08-30T17:13:55.085832+00:00,sqlserver,with_indexes,warm,q11_orders_by_status,5,15.302417014027014,6,0.0,3930.796875,3930.796875,True
2026-08-30T17:13:55.101748+00:00,sqlserver,with_indexes,warm,q11_orders_by_status,6,15.439834009157494,6,0.0,3930.796875,3930.796875,True
2026-08-30T17:13:55.117425+00:00,sqlserver,with_indexes,warm,q11_orders_by_status,7,15.23641700623557,6,0.0,3930.796875,3930.796875,True
2026-08-30T17:13:55.133158+00:00,sqlserver,with_indexes,warm,q11_orders_by_status,8,15.317416982725263,6,0.0,3930.796875,3930.796875,True
2026-08-30T17:13:55.148785+00:00,sqlserver,with_indexes,warm,q11_orders_by_status,9,15.294999990146607,6,0.0,3930.796875,3930.796875,True
2026-08-30T17:13:55.164200+00:00,sqlserver,with_indexes,warm,q11_orders_by_status,10,15.148582984693348,6,0.0,3930.796875,3930.796875,True
2026-08-30T17:13:55.257685+00:00,sqlserver,with_indexes,warm,q12_top_customers,1,43.003540980862454,20,0.0,3930.796875,3930.796875,True
2026-08-30T17:13:55.300724+00:00,sqlserver,with_indexes,warm,q12_top_customers,2,42.61216599843465,20,0.0,3930.796875,3930.796875,True
2026-08-30T17:13:55.343654+00:00,sqlserver,with_indexes,warm,q12_top_customers,3,42.45841602096334,20,0.0,3930.796875,3930.796875,True
2026-08-30T17:13:55.387160+00:00,sqlserver,with_indexes,warm,q12_top_customers,4,43.019749980885535,20,0.0,3930.796875,3930.796875,True
2026-08-30T17:13:55.430345+00:00,sqlserver,with_indexes,warm,q12_top_customers,5,42.67512500518933,20,0.0,3930.796875,3930.796875,True
2026-08-30T17:13:55.473326+00:00,sqlserver,with_indexes,warm,q12_top_customers,6,42.45070900651626,20,0.0,3930.796875,3930.796875,True
2026-08-30T17:13:55.521305+00:00,sqlserver,with_indexes,warm,q12_top_customers,7,47.483667003689334,20,0.0,3930.796875,3930.796875,True
2026-08-30T17:13:55.566165+00:00,sqlserver,with_indexes,warm,q12_top_customers,8,44.308749987976626,20,0.0,3930.796875,3930.796875,True
2026-08-30T17:13:55.609511+00:00,sqlserver,with_indexes,warm,q12_top_customers,9,42.78308301582001,20,0.0,3930.796875,3930.796875,True
2026-08-30T17:13:55.652476+00:00,sqlserver,with_indexes,warm,q12_top_customers,10,42.42633399553597,20,0.0,3930.796875,3928.834375,True
2026-08-30T17:13:56.502170+00:00,sqlserver,with_indexes,warm,q13_heavy_multi_join,1,395.71766697918065,100,34.17721519061955,3930.03125,3930.0133928571427,True
2026-08-30T17:13:56.907276+00:00,sqlserver,with_indexes,warm,q13_heavy_multi_join,2,404.8176250071265,100,40.740740738611514,3930.015625,3924.241753472222,True
2026-08-30T17:13:57.291728+00:00,sqlserver,with_indexes,warm,q13_heavy_multi_join,3,384.11354197887704,100,29.315960913756676,3921.359375,3921.359375,True
2026-08-30T17:13:57.596696+00:00,sqlserver,with_indexes,warm,q13_heavy_multi_join,4,304.6170409943443,100,34.2857142835421,3921.359375,3921.359375,True
2026-08-30T17:13:57.903380+00:00,sqlserver,with_indexes,warm,q13_heavy_multi_join,5,306.33120800484903,100,33.47107438028456,3922.671875,3922.4542824074074,True
2026-08-30T17:13:58.292838+00:00,sqlserver,with_indexes,warm,q13_heavy_multi_join,6,389.15595901198685,100,29.126213590623596,3922.65625,3922.65625,True
2026-08-30T17:13:58.608938+00:00,sqlserver,with_indexes,warm,q13_heavy_multi_join,7,315.79241700819694,100,38.73517787008674,3922.65625,3922.65625,True
2026-08-30T17:13:58.991750+00:00,sqlserver,with_indexes,warm,q13_heavy_multi_join,8,382.509957998991,100,0.0,3925.4375,3924.9820075757575,True
2026-08-30T17:13:59.298170+00:00,sqlserver,with_indexes,warm,q13_heavy_multi_join,9,306.08104198472574,100,32.116788321447,3925.15625,3925.15625,True
2026-08-30T17:13:59.612049+00:00,sqlserver,with_indexes,warm,q13_heavy_multi_join,10,313.5853749990929,100,33.86454183011931,3925.15625,3925.15625,True
2026-08-30T17:13:59.683075+00:00,sqlserver,with_indexes,warm,q14_insert,1,70.64874999923632,1,7.407407413795076,3926.859375,3926.129464285714,True
2026-08-30T17:13:59.686037+00:00,sqlserver,with_indexes,warm,q14_insert,2,1.565542013850063,1,0.0,3926.859375,3926.859375,True
2026-08-30T17:13:59.688592+00:00,sqlserver,with_indexes,warm,q14_insert,3,1.4729579852428287,1,0.0,3926.859375,3926.859375,True
2026-08-30T17:13:59.691074+00:00,sqlserver,with_indexes,warm,q14_insert,4,1.3513329904526472,1,0.0,3926.859375,3926.859375,True
2026-08-30T17:13:59.693114+00:00,sqlserver,with_indexes,warm,q14_insert,5,1.1285829823464155,1,0.0,3926.859375,3926.859375,True
2026-08-30T17:13:59.695058+00:00,sqlserver,with_indexes,warm,q14_insert,6,1.177375001134351,1,0.0,3926.859375,3926.859375,True
2026-08-30T17:13:59.697358+00:00,sqlserver,with_indexes,warm,q14_insert,7,1.3660000113304704,1,0.0,3926.859375,3926.859375,True
2026-08-30T17:13:59.700193+00:00,sqlserver,with_indexes,warm,q14_insert,8,1.857541996287182,1,0.0,3926.859375,3926.859375,True
2026-08-30T17:13:59.702978+00:00,sqlserver,with_indexes,warm,q14_insert,9,1.5849169867578894,1,0.0,3926.859375,3926.859375,True
2026-08-30T17:13:59.706299+00:00,sqlserver,with_indexes,warm,q14_insert,10,2.059541002381593,1,0.0,3926.859375,3926.859375,True
2026-08-30T17:13:59.715893+00:00,sqlserver,with_indexes,warm,q15_update,1,8.385416003875434,1,0.0,3926.859375,3926.859375,True
2026-08-30T17:13:59.718082+00:00,sqlserver,with_indexes,warm,q15_update,2,1.072417013347149,1,0.0,3926.859375,3926.859375,True
2026-08-30T17:13:59.719852+00:00,sqlserver,with_indexes,warm,q15_update,3,1.0245830053463578,1,0.0,3926.859375,3926.859375,True
2026-08-30T17:13:59.721923+00:00,sqlserver,with_indexes,warm,q15_update,4,1.1698750022333115,1,0.0,3926.859375,3926.859375,True
2026-08-30T17:13:59.723867+00:00,sqlserver,with_indexes,warm,q15_update,5,1.0269160266034305,1,0.0,3926.859375,3926.859375,True
2026-08-30T17:13:59.726148+00:00,sqlserver,with_indexes,warm,q15_update,6,1.07908301288262,1,0.0,3926.859375,3926.859375,True
2026-08-30T17:13:59.727864+00:00,sqlserver,with_indexes,warm,q15_update,7,0.9269159927498549,1,0.0,3926.859375,3926.859375,True
2026-08-30T17:13:59.730037+00:00,sqlserver,with_indexes,warm,q15_update,8,1.3914169976487756,1,0.0,3926.859375,3926.859375,True
2026-08-30T17:13:59.731795+00:00,sqlserver,with_indexes,warm,q15_update,9,0.9898749995045364,1,0.0,3926.859375,3926.859375,True
2026-08-30T17:13:59.733748+00:00,sqlserver,with_indexes,warm,q15_update,10,1.0752080124802887,1,0.0,3926.859375,3926.859375,True
2026-08-30T17:13:59.741187+00:00,sqlserver,with_indexes,warm,q16_delete,1,5.1585829933173954,1,0.0,3926.859375,3926.859375,True
2026-08-30T17:13:59.744556+00:00,sqlserver,with_indexes,warm,q16_delete,2,1.0654999932739884,1,0.0,3926.859375,3926.859375,True
2026-08-30T17:13:59.747532+00:00,sqlserver,with_indexes,warm,q16_delete,3,0.9934590198099613,1,0.0,3926.859375,3926.859375,True
2026-08-30T17:13:59.750434+00:00,sqlserver,with_indexes,warm,q16_delete,4,0.9956670110113919,1,0.0,3926.859375,3926.859375,True
2026-08-30T17:13:59.753433+00:00,sqlserver,with_indexes,warm,q16_delete,5,1.0560829832684249,1,0.0,3926.859375,3926.859375,True
2026-08-30T17:13:59.756276+00:00,sqlserver,with_indexes,warm,q16_delete,6,0.9667920239735395,1,0.0,3926.859375,3926.859375,True
2026-08-30T17:13:59.759129+00:00,sqlserver,with_indexes,warm,q16_delete,7,0.9813749929890037,1,0.0,3926.859375,3926.859375,True
2026-08-30T17:13:59.761914+00:00,sqlserver,with_indexes,warm,q16_delete,8,0.9765829890966415,1,0.0,3926.859375,3926.859375,True
2026-08-30T17:13:59.765513+00:00,sqlserver,with_indexes,warm,q16_delete,9,1.8647079996298999,1,0.0,3926.859375,3926.859375,True
2026-08-30T17:13:59.768832+00:00,sqlserver,with_indexes,warm,q16_delete,10,1.160832995083183,1,0.0,3926.859375,3926.859375,True
2026-08-30T17:15:15.362250+00:00,postgresql,without_extra_indexes,warm,q01_product_by_id,1,0.2543749869801104,1,0.0,3552.21875,3552.21875,True
2026-08-30T17:15:15.362575+00:00,postgresql,without_extra_indexes,warm,q01_product_by_id,2,0.20275000133551657,1,0.0,3552.21875,3552.21875,True
2026-08-30T17:15:15.362902+00:00,postgresql,without_extra_indexes,warm,q01_product_by_id,3,0.23258302826434374,1,0.0,3552.21875,3552.21875,True
2026-08-30T17:15:15.363192+00:00,postgresql,without_extra_indexes,warm,q01_product_by_id,4,0.20070798927918077,1,0.0,3552.21875,3552.21875,True
2026-08-30T17:15:15.363613+00:00,postgresql,without_extra_indexes,warm,q01_product_by_id,5,0.34366597537882626,1,0.0,3552.21875,3552.21875,True
2026-08-30T17:15:15.363883+00:00,postgresql,without_extra_indexes,warm,q01_product_by_id,6,0.1872080028988421,1,0.0,3552.21875,3552.21875,True
2026-08-30T17:15:15.364134+00:00,postgresql,without_extra_indexes,warm,q01_product_by_id,7,0.18445801106281579,1,0.0,3552.21875,3552.21875,True
2026-08-30T17:15:15.364385+00:00,postgresql,without_extra_indexes,warm,q01_product_by_id,8,0.1683750015217811,1,0.0,3552.21875,3552.21875,True
2026-08-30T17:15:15.364619+00:00,postgresql,without_extra_indexes,warm,q01_product_by_id,9,0.16891700215637684,1,0.0,3552.21875,3552.21875,True
2026-08-30T17:15:15.364904+00:00,postgresql,without_extra_indexes,warm,q01_product_by_id,10,0.2212089893873781,1,0.0,3552.21875,3552.21875,True
2026-08-30T17:15:15.367902+00:00,postgresql,without_extra_indexes,warm,q02_product_name,1,1.123541995184496,50,0.0,3552.21875,3552.21875,True
2026-08-30T17:15:15.369027+00:00,postgresql,without_extra_indexes,warm,q02_product_name,2,1.0527919803280383,50,0.0,3552.21875,3552.21875,True
2026-08-30T17:15:15.370252+00:00,postgresql,without_extra_indexes,warm,q02_product_name,3,1.0989999864250422,50,0.0,3552.21875,3552.21875,True
2026-08-30T17:15:15.371461+00:00,postgresql,without_extra_indexes,warm,q02_product_name,4,1.1062499834224582,50,0.0,3552.21875,3552.21875,True
2026-08-30T17:15:15.372727+00:00,postgresql,without_extra_indexes,warm,q02_product_name,5,1.1571249924600124,50,0.0,3552.21875,3552.21875,True
2026-08-30T17:15:15.373779+00:00,postgresql,without_extra_indexes,warm,q02_product_name,6,0.9846659959293902,50,0.0,3552.21875,3552.21875,True
2026-08-30T17:15:15.374864+00:00,postgresql,without_extra_indexes,warm,q02_product_name,7,1.007791026495397,50,0.0,3552.21875,3552.21875,True
2026-08-30T17:15:15.375919+00:00,postgresql,without_extra_indexes,warm,q02_product_name,8,0.9782080014701933,50,0.0,3552.21875,3552.21875,True
2026-08-30T17:15:15.376976+00:00,postgresql,without_extra_indexes,warm,q02_product_name,9,0.9817499958444387,50,0.0,3552.21875,3552.21875,True
2026-08-30T17:15:15.378109+00:00,postgresql,without_extra_indexes,warm,q02_product_name,10,1.0614580241963267,50,0.0,3552.21875,3552.21875,True
2026-08-30T17:15:15.379686+00:00,postgresql,without_extra_indexes,warm,q03_products_by_category,1,0.6916249985806644,200,0.0,3552.21875,3552.21875,True
2026-08-30T17:15:15.380422+00:00,postgresql,without_extra_indexes,warm,q03_products_by_category,2,0.6694999756291509,200,0.0,3552.21875,3552.21875,True
2026-08-30T17:15:15.381156+00:00,postgresql,without_extra_indexes,warm,q03_products_by_category,3,0.6700420053675771,200,0.0,3552.21875,3552.21875,True
2026-08-30T17:15:15.381900+00:00,postgresql,without_extra_indexes,warm,q03_products_by_category,4,0.6671249866485596,200,0.0,3552.21875,3552.21875,True
2026-08-30T17:15:15.382779+00:00,postgresql,without_extra_indexes,warm,q03_products_by_category,5,0.8134999952744693,200,0.0,3552.21875,3552.21875,True
2026-08-30T17:15:15.383504+00:00,postgresql,without_extra_indexes,warm,q03_products_by_category,6,0.640709011349827,200,0.0,3552.21875,3552.21875,True
2026-08-30T17:15:15.384204+00:00,postgresql,without_extra_indexes,warm,q03_products_by_category,7,0.6376250239554793,200,0.0,3552.21875,3552.21875,True
2026-08-30T17:15:15.384906+00:00,postgresql,without_extra_indexes,warm,q03_products_by_category,8,0.6384580046869814,200,0.0,3552.21875,3552.21875,True
2026-08-30T17:15:15.385595+00:00,postgresql,without_extra_indexes,warm,q03_products_by_category,9,0.6231669976841658,200,0.0,3552.21875,3552.21875,True
2026-08-30T17:15:15.386338+00:00,postgresql,without_extra_indexes,warm,q03_products_by_category,10,0.6756660004612058,200,0.0,3552.21875,3552.21875,True
2026-08-30T17:15:15.395694+00:00,postgresql,without_extra_indexes,warm,q04_orders_by_customer,1,3.7092079874128103,9,0.0,3552.21875,3552.21875,True
2026-08-30T17:15:15.399380+00:00,postgresql,without_extra_indexes,warm,q04_orders_by_customer,2,3.5497500211931765,9,0.0,3552.21875,3552.21875,True
2026-08-30T17:15:15.403062+00:00,postgresql,without_extra_indexes,warm,q04_orders_by_customer,3,3.557833028025925,9,0.0,3552.21875,3552.21875,True
2026-08-30T17:15:15.406804+00:00,postgresql,without_extra_indexes,warm,q04_orders_by_customer,4,3.6324580141808838,9,0.0,3552.21875,3552.21875,True
2026-08-30T17:15:15.410586+00:00,postgresql,without_extra_indexes,warm,q04_orders_by_customer,5,3.670416015665978,9,0.0,3564.265625,3558.2421875,True
2026-08-30T17:15:15.414082+00:00,postgresql,without_extra_indexes,warm,q04_orders_by_customer,6,3.4014160046353936,9,0.0,3564.265625,3564.25,True
2026-08-30T17:15:15.417577+00:00,postgresql,without_extra_indexes,warm,q04_orders_by_customer,7,3.3965419861488044,9,0.0,3564.234375,3564.234375,True
2026-08-30T17:15:15.421071+00:00,postgresql,without_extra_indexes,warm,q04_orders_by_customer,8,3.4020419989246875,9,0.0,3564.265625,3564.25,True
2026-08-30T17:15:15.424602+00:00,postgresql,without_extra_indexes,warm,q04_orders_by_customer,9,3.4038339799735695,9,0.0,3564.234375,3564.234375,True
2026-08-30T17:15:15.428414+00:00,postgresql,without_extra_indexes,warm,q04_orders_by_customer,10,3.6812910111621022,9,0.0,3564.234375,3564.234375,True
2026-08-30T17:15:15.430439+00:00,postgresql,without_extra_indexes,warm,q05_complete_order,1,0.5770409770775586,3,0.0,3564.234375,3564.234375,True
2026-08-30T17:15:15.430999+00:00,postgresql,without_extra_indexes,warm,q05_complete_order,2,0.47037500189617276,3,0.0,3564.234375,3564.234375,True
2026-08-30T17:15:15.431517+00:00,postgresql,without_extra_indexes,warm,q05_complete_order,3,0.44666699250228703,3,0.0,3564.234375,3564.234375,True
2026-08-30T17:15:15.432051+00:00,postgresql,without_extra_indexes,warm,q05_complete_order,4,0.43945800280198455,3,0.0,3564.234375,3564.234375,True
2026-08-30T17:15:15.432823+00:00,postgresql,without_extra_indexes,warm,q05_complete_order,5,0.6363750144373626,3,0.0,3564.234375,3564.234375,True
2026-08-30T17:15:15.433278+00:00,postgresql,without_extra_indexes,warm,q05_complete_order,6,0.38662500446662307,3,0.0,3564.234375,3564.234375,True
2026-08-30T17:15:15.433786+00:00,postgresql,without_extra_indexes,warm,q05_complete_order,7,0.44233398512005806,3,0.0,3564.234375,3564.234375,True
2026-08-30T17:15:15.434230+00:00,postgresql,without_extra_indexes,warm,q05_complete_order,8,0.3803339786827564,3,0.0,3564.234375,3564.234375,True
2026-08-30T17:15:15.434684+00:00,postgresql,without_extra_indexes,warm,q05_complete_order,9,0.3856249968521297,3,0.0,3564.234375,3564.234375,True
2026-08-30T17:15:15.435137+00:00,postgresql,without_extra_indexes,warm,q05_complete_order,10,0.37408401840366423,3,0.0,3564.234375,3564.234375,True
2026-08-30T17:15:15.457207+00:00,postgresql,without_extra_indexes,warm,q06_total_sales,1,10.55254100356251,1,0.0,3564.234375,3564.234375,True
2026-08-30T17:15:15.467963+00:00,postgresql,without_extra_indexes,warm,q06_total_sales,2,10.625625000102445,1,0.0,3564.234375,3564.234375,True
2026-08-30T17:15:15.479281+00:00,postgresql,without_extra_indexes,warm,q06_total_sales,3,11.193625017767772,1,0.0,3564.234375,3564.234375,True
2026-08-30T17:15:15.490143+00:00,postgresql,without_extra_indexes,warm,q06_total_sales,4,10.752625006716698,1,0.0,3564.234375,3564.234375,True
2026-08-30T17:15:15.500922+00:00,postgresql,without_extra_indexes,warm,q06_total_sales,5,10.671583004295826,1,0.0,3564.234375,3564.234375,True
2026-08-30T17:15:15.512425+00:00,postgresql,without_extra_indexes,warm,q06_total_sales,6,11.371833010343835,1,0.0,3564.234375,3564.234375,True
2026-08-30T17:15:15.524166+00:00,postgresql,without_extra_indexes,warm,q06_total_sales,7,11.60545798484236,1,0.0,3564.234375,3564.234375,True
2026-08-30T17:15:15.535717+00:00,postgresql,without_extra_indexes,warm,q06_total_sales,8,11.334332986734807,1,0.0,3564.234375,3564.234375,True
2026-08-30T17:15:15.547398+00:00,postgresql,without_extra_indexes,warm,q06_total_sales,9,11.33537499117665,1,0.0,3564.234375,3564.234375,True
2026-08-30T17:15:15.558826+00:00,postgresql,without_extra_indexes,warm,q06_total_sales,10,11.071415996411815,1,0.0,3564.234375,3564.234375,True
2026-08-30T17:15:15.576034+00:00,postgresql,without_extra_indexes,warm,q07_sales_date_range,1,8.262291987193748,1,0.0,3564.234375,3564.234375,True
2026-08-30T17:15:15.584364+00:00,postgresql,without_extra_indexes,warm,q07_sales_date_range,2,7.976916996994987,1,0.0,3564.234375,3564.234375,True
2026-08-30T17:15:15.592759+00:00,postgresql,without_extra_indexes,warm,q07_sales_date_range,3,7.967041980009526,1,0.0,3564.234375,3564.234375,True
2026-08-30T17:15:15.601411+00:00,postgresql,without_extra_indexes,warm,q07_sales_date_range,4,8.231457992224023,1,0.0,3564.234375,3564.234375,True
2026-08-30T17:15:15.610207+00:00,postgresql,without_extra_indexes,warm,q07_sales_date_range,5,8.335457998327911,1,0.0,3564.234375,3564.234375,True
2026-08-30T17:15:15.618498+00:00,postgresql,without_extra_indexes,warm,q07_sales_date_range,6,7.9069169878493994,1,0.0,3564.234375,3564.234375,True
2026-08-30T17:15:15.626668+00:00,postgresql,without_extra_indexes,warm,q07_sales_date_range,7,7.817333011189476,1,0.0,3564.234375,3564.234375,True
2026-08-30T17:15:15.634807+00:00,postgresql,without_extra_indexes,warm,q07_sales_date_range,8,7.812041003489867,1,0.0,3564.234375,3564.234375,True
2026-08-30T17:15:15.643202+00:00,postgresql,without_extra_indexes,warm,q07_sales_date_range,9,8.094334014458582,1,0.0,3564.234375,3564.234375,True
2026-08-30T17:15:15.652071+00:00,postgresql,without_extra_indexes,warm,q07_sales_date_range,10,8.428707980783656,1,0.0,3564.234375,3564.234375,True
2026-08-30T17:15:15.808833+00:00,postgresql,without_extra_indexes,warm,q08_top_products,1,74.37654200475663,20,0.0,3564.234375,3564.234375,True
2026-08-30T17:15:15.882186+00:00,postgresql,without_extra_indexes,warm,q08_top_products,2,72.9541250038892,20,0.0,3564.234375,3564.234375,True
2026-08-30T17:15:15.955718+00:00,postgresql,without_extra_indexes,warm,q08_top_products,3,73.16062500467524,20,0.0,3564.234375,3564.234375,True
2026-08-30T17:15:16.030078+00:00,postgresql,without_extra_indexes,warm,q08_top_products,4,73.97575001232326,20,0.0,3564.234375,3564.234375,True
2026-08-30T17:15:16.102873+00:00,postgresql,without_extra_indexes,warm,q08_top_products,5,72.4045829847455,20,0.0,3564.234375,3564.234375,True
2026-08-30T17:15:16.177393+00:00,postgresql,without_extra_indexes,warm,q08_top_products,6,73.96195799810812,20,0.0,3564.234375,3564.234375,True
2026-08-30T17:15:16.251283+00:00,postgresql,without_extra_indexes,warm,q08_top_products,7,73.58370799920522,20,0.0,3564.234375,3564.234375,True
2026-08-30T17:15:16.339888+00:00,postgresql,without_extra_indexes,warm,q08_top_products,8,88.34491699235514,20,29.615384615924214,3564.234375,3564.234375,True
2026-08-30T17:15:16.434286+00:00,postgresql,without_extra_indexes,warm,q08_top_products,9,94.23341602087021,20,43.999999978890024,3612.28125,3579.8420138888887,True
2026-08-30T17:15:16.524298+00:00,postgresql,without_extra_indexes,warm,q08_top_products,10,89.86083301715553,20,36.98630137335831,3612.28125,3612.28125,True
2026-08-30T17:15:16.639029+00:00,postgresql,without_extra_indexes,warm,q09_sales_by_category,1,55.77262499718927,50,0.0,3612.28125,3612.28125,True
2026-08-30T17:15:16.695292+00:00,postgresql,without_extra_indexes,warm,q09_sales_by_category,2,56.11404200317338,50,0.0,3612.28125,3612.28125,True
2026-08-30T17:15:16.751131+00:00,postgresql,without_extra_indexes,warm,q09_sales_by_category,3,55.63858401728794,50,0.0,3612.28125,3612.28125,True
2026-08-30T17:15:16.807245+00:00,postgresql,without_extra_indexes,warm,q09_sales_by_category,4,55.78083297587,50,0.0,3612.28125,3612.28125,True
2026-08-30T17:15:16.863842+00:00,postgresql,without_extra_indexes,warm,q09_sales_by_category,5,56.164000008720905,50,0.0,3612.28125,3612.28125,True
2026-08-30T17:15:16.919725+00:00,postgresql,without_extra_indexes,warm,q09_sales_by_category,6,55.365042004268616,50,0.0,3612.28125,3612.28125,True
2026-08-30T17:15:16.975712+00:00,postgresql,without_extra_indexes,warm,q09_sales_by_category,7,55.601749976631254,50,0.0,3612.28125,3612.28125,True
2026-08-30T17:15:17.031665+00:00,postgresql,without_extra_indexes,warm,q09_sales_by_category,8,55.72791601298377,50,0.0,3612.28125,3612.28125,True
2026-08-30T17:15:17.087770+00:00,postgresql,without_extra_indexes,warm,q09_sales_by_category,9,55.712792003760114,50,0.0,3612.28125,3612.28125,True
2026-08-30T17:15:17.143975+00:00,postgresql,without_extra_indexes,warm,q09_sales_by_category,10,55.70762499701232,50,0.0,3612.28125,3612.28125,True
2026-08-30T17:15:17.166458+00:00,postgresql,without_extra_indexes,warm,q10_average_order_value,1,10.660375002771616,1,0.0,3612.28125,3612.28125,True
2026-08-30T17:15:17.177583+00:00,postgresql,without_extra_indexes,warm,q10_average_order_value,2,10.63575001899153,1,0.0,3612.28125,3612.28125,True
2026-08-30T17:15:17.188867+00:00,postgresql,without_extra_indexes,warm,q10_average_order_value,3,10.893375001614913,1,0.0,3612.28125,3612.28125,True
2026-08-30T17:15:17.199958+00:00,postgresql,without_extra_indexes,warm,q10_average_order_value,4,10.77033398905769,1,0.0,3612.28125,3612.28125,True
2026-08-30T17:15:17.211332+00:00,postgresql,without_extra_indexes,warm,q10_average_order_value,5,10.861082992050797,1,0.0,3612.28125,3612.28125,True
2026-08-30T17:15:17.222407+00:00,postgresql,without_extra_indexes,warm,q10_average_order_value,6,10.601083980873227,1,0.0,3612.28125,3612.28125,True
2026-08-30T17:15:17.233878+00:00,postgresql,without_extra_indexes,warm,q10_average_order_value,7,10.819666989846155,1,0.0,3612.28125,3612.28125,True
2026-08-30T17:15:17.245092+00:00,postgresql,without_extra_indexes,warm,q10_average_order_value,8,10.708957997849211,1,0.0,3612.28125,3612.28125,True
2026-08-30T17:15:17.256155+00:00,postgresql,without_extra_indexes,warm,q10_average_order_value,9,10.565750009845942,1,0.0,3612.28125,3612.28125,True
2026-08-30T17:15:17.267225+00:00,postgresql,without_extra_indexes,warm,q10_average_order_value,10,10.661750013241544,1,0.0,3612.28125,3612.28125,True
2026-08-30T17:15:17.289280+00:00,postgresql,without_extra_indexes,warm,q11_orders_by_status,1,10.629999975208193,6,0.0,3612.28125,3612.28125,True
2026-08-30T17:15:17.300404+00:00,postgresql,without_extra_indexes,warm,q11_orders_by_status,2,10.665375011740252,6,0.0,3612.28125,3612.28125,True
2026-08-30T17:15:17.311609+00:00,postgresql,without_extra_indexes,warm,q11_orders_by_status,3,10.834499989869073,6,0.0,3612.28125,3612.28125,True
2026-08-30T17:15:17.322634+00:00,postgresql,without_extra_indexes,warm,q11_orders_by_status,4,10.660332976840436,6,0.0,3612.28125,3612.28125,True
2026-08-30T17:15:17.334074+00:00,postgresql,without_extra_indexes,warm,q11_orders_by_status,5,11.086582991993055,6,0.0,3612.28125,3612.28125,True
2026-08-30T17:15:17.345130+00:00,postgresql,without_extra_indexes,warm,q11_orders_by_status,6,10.57183399097994,6,28.57142857197473,3612.28125,3612.28125,True
2026-08-30T17:15:17.356635+00:00,postgresql,without_extra_indexes,warm,q11_orders_by_status,7,10.875792009755969,6,11.111111111111116,3612.28125,3612.28125,True
2026-08-30T17:15:17.367660+00:00,postgresql,without_extra_indexes,warm,q11_orders_by_status,8,10.57704200502485,6,0.0,3612.28125,3612.28125,True
2026-08-30T17:15:17.378559+00:00,postgresql,without_extra_indexes,warm,q11_orders_by_status,9,10.438957979204133,6,0.0,3612.28125,3612.28125,True
2026-08-30T17:15:17.389407+00:00,postgresql,without_extra_indexes,warm,q11_orders_by_status,10,10.453916998812929,6,0.0,3612.28125,3612.28125,True
2026-08-30T17:15:17.464656+00:00,postgresql,without_extra_indexes,warm,q12_top_customers,1,37.02829100075178,20,0.0,3626.203125,3622.45625,True
2026-08-30T17:15:17.502436+00:00,postgresql,without_extra_indexes,warm,q12_top_customers,2,37.34854198410176,20,0.0,3619.96875,3619.96875,True
2026-08-30T17:15:17.540582+00:00,postgresql,without_extra_indexes,warm,q12_top_customers,3,37.683125003241,20,0.0,3619.96875,3619.96875,True
2026-08-30T17:15:17.578868+00:00,postgresql,without_extra_indexes,warm,q12_top_customers,4,37.926375021925196,20,0.0,3619.96875,3619.96875,True
2026-08-30T17:15:17.620021+00:00,postgresql,without_extra_indexes,warm,q12_top_customers,5,40.711833018576726,20,0.0,3619.96875,3619.96875,True
2026-08-30T17:15:17.665519+00:00,postgresql,without_extra_indexes,warm,q12_top_customers,6,45.160000008763745,20,0.0,3619.96875,3619.96875,True
2026-08-30T17:15:17.707330+00:00,postgresql,without_extra_indexes,warm,q12_top_customers,7,41.49420800968073,20,0.0,3619.96875,3619.96875,True
2026-08-30T17:15:17.744836+00:00,postgresql,without_extra_indexes,warm,q12_top_customers,8,37.10337498341687,20,0.0,3619.96875,3619.96875,True
2026-08-30T17:15:17.782939+00:00,postgresql,without_extra_indexes,warm,q12_top_customers,9,37.52591699594632,20,0.0,3619.96875,3619.96875,True
2026-08-30T17:15:17.842366+00:00,postgresql,without_extra_indexes,warm,q12_top_customers,10,58.97791701136157,20,0.0,3619.96875,3619.96875,True
2026-08-30T17:15:19.012585+00:00,postgresql,without_extra_indexes,warm,q13_heavy_multi_join,1,581.7216249997728,100,19.870410366041057,3629.640625,3619.8,True
2026-08-30T17:15:19.593083+00:00,postgresql,without_extra_indexes,warm,q13_heavy_multi_join,2,579.9415829824284,100,19.6120689681776,3629.0625,3620.262755102041,True
2026-08-30T17:15:20.173919+00:00,postgresql,without_extra_indexes,warm,q13_heavy_multi_join,3,580.2764169930015,100,25.431034480638992,3622.046875,3622.046875,True
2026-08-30T17:15:20.755605+00:00,postgresql,without_extra_indexes,warm,q13_heavy_multi_join,4,581.2743330025114,100,23.75809935463681,3622.046875,3619.24375,True
2026-08-30T17:15:21.265291+00:00,postgresql,without_extra_indexes,warm,q13_heavy_multi_join,5,509.4373330066446,100,19.05940594087936,3616.796875,3616.796875,True
2026-08-30T17:15:21.773524+00:00,postgresql,without_extra_indexes,warm,q13_heavy_multi_join,6,507.9203750065062,100,20.14742014413112,3629.546875,3625.200284090909,True
2026-08-30T17:15:22.281498+00:00,postgresql,without_extra_indexes,warm,q13_heavy_multi_join,7,507.5485830020625,100,18.81188118817587,3629.546875,3629.546875,True
2026-08-30T17:15:22.789282+00:00,postgresql,without_extra_indexes,warm,q13_heavy_multi_join,8,507.24320800509304,100,19.21182266052227,3632.859375,3631.780886627907,True
2026-08-30T17:15:23.306868+00:00,postgresql,without_extra_indexes,warm,q13_heavy_multi_join,9,517.0876249903813,100,22.518159809694303,3632.859375,3632.859375,True
2026-08-30T17:15:23.823628+00:00,postgresql,without_extra_indexes,warm,q13_heavy_multi_join,10,516.3453750137705,100,21.89781021616629,3637.828125,3636.3600852272725,True
2026-08-30T17:15:23.826477+00:00,postgresql,without_extra_indexes,warm,q14_insert,1,2.3440000077243894,1,20.000000093132254,3637.828125,3637.828125,True
2026-08-30T17:15:23.828470+00:00,postgresql,without_extra_indexes,warm,q14_insert,2,0.7812079857103527,1,0.0,3637.828125,3637.828125,True
2026-08-30T17:15:23.829854+00:00,postgresql,without_extra_indexes,warm,q14_insert,3,0.7030839915387332,1,0.0,3637.828125,3637.828125,True
2026-08-30T17:15:23.831183+00:00,postgresql,without_extra_indexes,warm,q14_insert,4,0.6870829965919256,1,0.0,3637.828125,3637.828125,True
2026-08-30T17:15:23.832544+00:00,postgresql,without_extra_indexes,warm,q14_insert,5,0.679416989441961,1,0.0,3637.828125,3637.828125,True
2026-08-30T17:15:23.833895+00:00,postgresql,without_extra_indexes,warm,q14_insert,6,0.6633329903706908,1,0.0,3637.828125,3637.828125,True
2026-08-30T17:15:23.835473+00:00,postgresql,without_extra_indexes,warm,q14_insert,7,0.7977090135682374,1,0.0,3637.828125,3637.828125,True
2026-08-30T17:15:23.836781+00:00,postgresql,without_extra_indexes,warm,q14_insert,8,0.6227920239325613,1,0.0,3637.828125,3637.828125,True
2026-08-30T17:15:23.838047+00:00,postgresql,without_extra_indexes,warm,q14_insert,9,0.639582984149456,1,0.0,3637.828125,3637.828125,True
2026-08-30T17:15:23.839070+00:00,postgresql,without_extra_indexes,warm,q14_insert,10,0.5127089971210808,1,0.0,3637.828125,3637.828125,True
2026-08-30T17:15:23.840269+00:00,postgresql,without_extra_indexes,warm,q15_update,1,0.6720420205965638,1,0.0,3637.828125,3637.828125,True
2026-08-30T17:15:23.841204+00:00,postgresql,without_extra_indexes,warm,q15_update,2,0.503125018440187,1,0.0,3637.828125,3637.828125,True
2026-08-30T17:15:23.842120+00:00,postgresql,without_extra_indexes,warm,q15_update,3,0.47095902846194804,1,0.0,3637.828125,3637.828125,True
2026-08-30T17:15:23.842980+00:00,postgresql,without_extra_indexes,warm,q15_update,4,0.465124991023913,1,0.0,3637.828125,3637.828125,True
2026-08-30T17:15:23.843792+00:00,postgresql,without_extra_indexes,warm,q15_update,5,0.4468749975785613,1,0.0,3637.828125,3637.828125,True
2026-08-30T17:15:23.844623+00:00,postgresql,without_extra_indexes,warm,q15_update,6,0.4447080136742443,1,0.0,3637.828125,3637.828125,True
2026-08-30T17:15:23.845430+00:00,postgresql,without_extra_indexes,warm,q15_update,7,0.4433330032043159,1,0.0,3637.828125,3637.828125,True
2026-08-30T17:15:23.846251+00:00,postgresql,without_extra_indexes,warm,q15_update,8,0.44929198338650167,1,0.0,3637.828125,3637.828125,True
2026-08-30T17:15:23.847558+00:00,postgresql,without_extra_indexes,warm,q15_update,9,0.5474580102600157,1,0.0,3637.828125,3637.828125,True
2026-08-30T17:15:23.848852+00:00,postgresql,without_extra_indexes,warm,q15_update,10,0.631666014669463,1,0.0,3637.828125,3637.828125,True
2026-08-30T17:15:23.861384+00:00,postgresql,without_extra_indexes,warm,q16_delete,1,11.370583000825718,1,0.0,3637.828125,3637.828125,True
2026-08-30T17:15:23.874138+00:00,postgresql,without_extra_indexes,warm,q16_delete,2,11.109624989330769,1,0.0,3637.828125,3637.828125,True
2026-08-30T17:15:23.886797+00:00,postgresql,without_extra_indexes,warm,q16_delete,3,11.114583991002291,1,0.0,3637.828125,3637.828125,True
2026-08-30T17:15:23.899399+00:00,postgresql,without_extra_indexes,warm,q16_delete,4,11.187292024260387,1,0.0,3637.828125,3637.828125,True
2026-08-30T17:15:23.912225+00:00,postgresql,without_extra_indexes,warm,q16_delete,5,11.264334025327116,1,0.0,3637.828125,3637.828125,True
2026-08-30T17:15:23.926032+00:00,postgresql,without_extra_indexes,warm,q16_delete,6,12.046541989548132,1,0.0,3637.828125,3637.828125,True
2026-08-30T17:15:23.939512+00:00,postgresql,without_extra_indexes,warm,q16_delete,7,12.088459014194086,1,0.0,3637.828125,3637.828125,True
2026-08-30T17:15:23.953198+00:00,postgresql,without_extra_indexes,warm,q16_delete,8,12.008583988063037,1,0.0,3637.828125,3637.828125,True
2026-08-30T17:15:23.966674+00:00,postgresql,without_extra_indexes,warm,q16_delete,9,11.927875020774081,1,0.0,3637.828125,3637.828125,True
2026-08-30T17:15:23.980652+00:00,postgresql,without_extra_indexes,warm,q16_delete,10,12.352790974546224,1,0.0,3637.828125,3637.828125,True
2026-08-30T17:15:24.450417+00:00,postgresql,with_indexes,warm,q01_product_by_id,1,0.3609160194173455,1,0.0,3637.828125,3637.828125,True
2026-08-30T17:15:24.450953+00:00,postgresql,with_indexes,warm,q01_product_by_id,2,0.32587500754743814,1,0.0,3637.828125,3637.828125,True
2026-08-30T17:15:24.451438+00:00,postgresql,with_indexes,warm,q01_product_by_id,3,0.3149159892927855,1,0.0,3637.828125,3637.828125,True
2026-08-30T17:15:24.451951+00:00,postgresql,with_indexes,warm,q01_product_by_id,4,0.3283749974798411,1,0.0,3637.828125,3637.828125,True
2026-08-30T17:15:24.452662+00:00,postgresql,with_indexes,warm,q01_product_by_id,5,0.5320829804986715,1,0.0,3637.828125,3637.828125,True
2026-08-30T17:15:24.453176+00:00,postgresql,with_indexes,warm,q01_product_by_id,6,0.3362080024089664,1,0.0,3637.828125,3637.828125,True
2026-08-30T17:15:24.453647+00:00,postgresql,with_indexes,warm,q01_product_by_id,7,0.295000005280599,1,0.0,3637.828125,3637.828125,True
2026-08-30T17:15:24.454109+00:00,postgresql,with_indexes,warm,q01_product_by_id,8,0.3047090140171349,1,0.0,3637.828125,3637.828125,True
2026-08-30T17:15:24.454561+00:00,postgresql,with_indexes,warm,q01_product_by_id,9,0.2992090012412518,1,0.0,3637.828125,3637.828125,True
2026-08-30T17:15:24.455012+00:00,postgresql,with_indexes,warm,q01_product_by_id,10,0.29512500623241067,1,0.0,3637.828125,3637.828125,True
2026-08-30T17:15:24.456658+00:00,postgresql,with_indexes,warm,q02_product_name,1,0.5429170269053429,50,0.0,3637.828125,3637.828125,True
2026-08-30T17:15:24.457341+00:00,postgresql,with_indexes,warm,q02_product_name,2,0.5265829968266189,50,0.0,3637.828125,3637.828125,True
2026-08-30T17:15:24.458007+00:00,postgresql,with_indexes,warm,q02_product_name,3,0.5042909760959446,50,0.0,3637.828125,3637.828125,True
2026-08-30T17:15:24.458691+00:00,postgresql,with_indexes,warm,q02_product_name,4,0.5152080266270787,50,0.0,3637.828125,3637.828125,True
2026-08-30T17:15:24.459567+00:00,postgresql,with_indexes,warm,q02_product_name,5,0.709417014149949,50,0.0,3637.828125,3637.828125,True
2026-08-30T17:15:24.460219+00:00,postgresql,with_indexes,warm,q02_product_name,6,0.4980000085197389,50,0.0,3637.828125,3637.828125,True
2026-08-30T17:15:24.460887+00:00,postgresql,with_indexes,warm,q02_product_name,7,0.5127920012455434,50,0.0,3637.828125,3637.828125,True
2026-08-30T17:15:24.461561+00:00,postgresql,with_indexes,warm,q02_product_name,8,0.4918749909847975,50,0.0,3637.828125,3637.828125,True
2026-08-30T17:15:24.462225+00:00,postgresql,with_indexes,warm,q02_product_name,9,0.5039170209784061,50,0.0,3637.828125,3637.828125,True
2026-08-30T17:15:24.462879+00:00,postgresql,with_indexes,warm,q02_product_name,10,0.49050000961869955,50,0.0,3637.828125,3637.828125,True
2026-08-30T17:15:24.464695+00:00,postgresql,with_indexes,warm,q03_products_by_category,1,0.7344580080825835,200,0.0,3633.28125,3633.265625,True
2026-08-30T17:15:24.465529+00:00,postgresql,with_indexes,warm,q03_products_by_category,2,0.6477909919340163,200,0.0,3633.28125,3633.28125,True
2026-08-30T17:15:24.466317+00:00,postgresql,with_indexes,warm,q03_products_by_category,3,0.6307500007096678,200,0.0,3633.28125,3633.28125,True
2026-08-30T17:15:24.467146+00:00,postgresql,with_indexes,warm,q03_products_by_category,4,0.644667015876621,200,0.0,3633.28125,3633.28125,True
2026-08-30T17:15:24.468220+00:00,postgresql,with_indexes,warm,q03_products_by_category,5,0.8968750189524144,200,0.0,3633.28125,3633.28125,True
2026-08-30T17:15:24.469044+00:00,postgresql,with_indexes,warm,q03_products_by_category,6,0.6468750070780516,200,0.0,3633.28125,3633.28125,True
2026-08-30T17:15:24.469871+00:00,postgresql,with_indexes,warm,q03_products_by_category,7,0.6475830159615725,200,0.0,3633.28125,3633.28125,True
2026-08-30T17:15:24.470820+00:00,postgresql,with_indexes,warm,q03_products_by_category,8,0.7482920191250741,200,0.0,3633.28125,3633.28125,True
2026-08-30T17:15:24.471726+00:00,postgresql,with_indexes,warm,q03_products_by_category,9,0.6758749950677156,200,0.0,3633.28125,3633.28125,True
2026-08-30T17:15:24.472668+00:00,postgresql,with_indexes,warm,q03_products_by_category,10,0.6972499832045287,200,0.0,3633.28125,3633.28125,True
2026-08-30T17:15:24.473974+00:00,postgresql,with_indexes,warm,q04_orders_by_customer,1,0.35954199847765267,9,0.0,3633.28125,3633.28125,True
2026-08-30T17:15:24.474473+00:00,postgresql,with_indexes,warm,q04_orders_by_customer,2,0.3292079782113433,9,0.0,3633.28125,3633.28125,True
2026-08-30T17:15:24.474990+00:00,postgresql,with_indexes,warm,q04_orders_by_customer,3,0.3472499956842512,9,0.0,3633.28125,3633.28125,True
2026-08-30T17:15:24.475504+00:00,postgresql,with_indexes,warm,q04_orders_by_customer,4,0.3344580181874335,9,0.0,3633.28125,3633.28125,True
2026-08-30T17:15:24.476276+00:00,postgresql,with_indexes,warm,q04_orders_by_customer,5,0.5796669865958393,9,0.0,3633.28125,3633.28125,True
2026-08-30T17:15:24.476809+00:00,postgresql,with_indexes,warm,q04_orders_by_customer,6,0.3416250110603869,9,0.0,3633.28125,3633.28125,True
2026-08-30T17:15:24.477354+00:00,postgresql,with_indexes,warm,q04_orders_by_customer,7,0.3587499959394336,9,0.0,3633.28125,3633.28125,True
2026-08-30T17:15:24.477894+00:00,postgresql,with_indexes,warm,q04_orders_by_customer,8,0.34925001091323793,9,0.0,3633.28125,3633.28125,True
2026-08-30T17:15:24.478423+00:00,postgresql,with_indexes,warm,q04_orders_by_customer,9,0.34012499963864684,9,0.0,3633.28125,3633.28125,True
2026-08-30T17:15:24.478950+00:00,postgresql,with_indexes,warm,q04_orders_by_customer,10,0.3426669863983989,9,0.0,3633.28125,3633.28125,True
2026-08-30T17:15:24.481233+00:00,postgresql,with_indexes,warm,q05_complete_order,1,0.7212919881567359,3,0.0,3633.28125,3633.28125,True
2026-08-30T17:15:24.482063+00:00,postgresql,with_indexes,warm,q05_complete_order,2,0.6465000042226166,3,0.0,3633.28125,3633.28125,True
2026-08-30T17:15:24.482891+00:00,postgresql,with_indexes,warm,q05_complete_order,3,0.6442500161938369,3,0.0,3633.28125,3633.28125,True
2026-08-30T17:15:24.483750+00:00,postgresql,with_indexes,warm,q05_complete_order,4,0.6651660078205168,3,0.0,3633.28125,3633.28125,True
2026-08-30T17:15:24.484891+00:00,postgresql,with_indexes,warm,q05_complete_order,5,0.892958021722734,3,0.0,3633.28125,3633.28125,True
2026-08-30T17:15:24.485842+00:00,postgresql,with_indexes,warm,q05_complete_order,6,0.650792004307732,3,0.0,3633.28125,3633.28125,True
2026-08-30T17:15:24.486700+00:00,postgresql,with_indexes,warm,q05_complete_order,7,0.6243330135475844,3,0.0,3633.28125,3633.28125,True
2026-08-30T17:15:24.487512+00:00,postgresql,with_indexes,warm,q05_complete_order,8,0.6144579965621233,3,0.0,3633.28125,3633.28125,True
2026-08-30T17:15:24.488253+00:00,postgresql,with_indexes,warm,q05_complete_order,9,0.5739999760407954,3,0.0,3633.28125,3633.28125,True
2026-08-30T17:15:24.488987+00:00,postgresql,with_indexes,warm,q05_complete_order,10,0.5618340219371021,3,0.0,3633.28125,3633.28125,True
2026-08-30T17:15:24.514445+00:00,postgresql,with_indexes,warm,q06_total_sales,1,11.692125000990927,1,0.0,3633.28125,3633.28125,True
2026-08-30T17:15:24.526332+00:00,postgresql,with_indexes,warm,q06_total_sales,2,11.392332991817966,1,0.0,3633.28125,3633.28125,True
2026-08-30T17:15:24.537551+00:00,postgresql,with_indexes,warm,q06_total_sales,3,10.820541996508837,1,0.0,3633.28125,3633.28125,True
2026-08-30T17:15:24.548564+00:00,postgresql,with_indexes,warm,q06_total_sales,4,10.648082999978215,1,0.0,3633.28125,3633.28125,True
2026-08-30T17:15:24.559872+00:00,postgresql,with_indexes,warm,q06_total_sales,5,10.98304201150313,1,0.0,3633.28125,3633.28125,True
2026-08-30T17:15:24.571029+00:00,postgresql,with_indexes,warm,q06_total_sales,6,10.716874996433035,1,0.0,3633.28125,3633.28125,True
2026-08-30T17:15:24.582000+00:00,postgresql,with_indexes,warm,q06_total_sales,7,10.590374993626028,1,0.0,3633.28125,3633.28125,True
2026-08-30T17:15:24.593104+00:00,postgresql,with_indexes,warm,q06_total_sales,8,10.654083016561344,1,0.0,3633.28125,3633.28125,True
2026-08-30T17:15:24.604505+00:00,postgresql,with_indexes,warm,q06_total_sales,9,10.90374999330379,1,0.0,3633.28125,3633.28125,True
2026-08-30T17:15:24.615591+00:00,postgresql,with_indexes,warm,q06_total_sales,10,10.607083997456357,1,0.0,3633.28125,3633.28125,True
2026-08-30T17:15:24.626625+00:00,postgresql,with_indexes,warm,q07_sales_date_range,1,4.965041996911168,1,0.0,3633.28125,3633.28125,True
2026-08-30T17:15:24.631904+00:00,postgresql,with_indexes,warm,q07_sales_date_range,2,5.009209009585902,1,0.0,3633.28125,3633.28125,True
2026-08-30T17:15:24.637425+00:00,postgresql,with_indexes,warm,q07_sales_date_range,3,5.193709017476067,1,0.0,3633.28125,3633.28125,True
2026-08-30T17:15:24.643015+00:00,postgresql,with_indexes,warm,q07_sales_date_range,4,5.263125000055879,1,0.0,3633.28125,3633.28125,True
2026-08-30T17:15:24.648567+00:00,postgresql,with_indexes,warm,q07_sales_date_range,5,5.222791020059958,1,0.0,3633.28125,3633.28125,True
2026-08-30T17:15:24.653992+00:00,postgresql,with_indexes,warm,q07_sales_date_range,6,5.031208012951538,1,0.0,3633.28125,3633.28125,True
2026-08-30T17:15:24.659260+00:00,postgresql,with_indexes,warm,q07_sales_date_range,7,4.9671670130919665,1,0.0,3633.28125,3633.28125,True
2026-08-30T17:15:24.664476+00:00,postgresql,with_indexes,warm,q07_sales_date_range,8,4.940999991958961,1,0.0,3633.28125,3633.28125,True
2026-08-30T17:15:24.669634+00:00,postgresql,with_indexes,warm,q07_sales_date_range,9,4.867124982411042,1,0.0,3633.28125,3633.28125,True
2026-08-30T17:15:24.673599+00:00,postgresql,with_indexes,warm,q07_sales_date_range,10,3.7495830038096756,1,0.0,3633.28125,3633.28125,True
2026-08-30T17:15:24.828568+00:00,postgresql,with_indexes,warm,q08_top_products,1,73.8733749894891,20,20.979899496649622,3633.28125,3633.28125,True
2026-08-30T17:15:24.902209+00:00,postgresql,with_indexes,warm,q08_top_products,2,73.14858300378546,20,0.0,3633.28125,3633.28125,True
2026-08-30T17:15:24.977567+00:00,postgresql,with_indexes,warm,q08_top_products,3,74.82612499734387,20,0.0,3633.28125,3633.28125,True
2026-08-30T17:15:25.054094+00:00,postgresql,with_indexes,warm,q08_top_products,4,75.71791700320318,20,0.0,3633.28125,3633.28125,True
2026-08-30T17:15:25.129905+00:00,postgresql,with_indexes,warm,q08_top_products,5,75.0740829971619,20,0.0,3633.28125,3633.28125,True
2026-08-30T17:15:25.205815+00:00,postgresql,with_indexes,warm,q08_top_products,6,75.38558301166631,20,0.0,3633.28125,3633.28125,True
2026-08-30T17:15:25.280803+00:00,postgresql,with_indexes,warm,q08_top_products,7,74.4899169949349,20,0.0,3633.28125,3633.28125,True
2026-08-30T17:15:25.354782+00:00,postgresql,with_indexes,warm,q08_top_products,8,73.52191698737442,20,0.0,3633.28125,3633.28125,True
2026-08-30T17:15:25.432654+00:00,postgresql,with_indexes,warm,q08_top_products,9,77.50899999518879,20,0.0,3633.28125,3633.28125,True
2026-08-30T17:15:25.505941+00:00,postgresql,with_indexes,warm,q08_top_products,10,72.81787501415238,20,0.0,3648.421875,3642.71875,True
2026-08-30T17:15:25.619536+00:00,postgresql,with_indexes,warm,q09_sales_by_category,1,55.90924998978153,50,0.0,3648.421875,3648.421875,True
2026-08-30T17:15:25.675598+00:00,postgresql,with_indexes,warm,q09_sales_by_category,2,55.73879199801013,50,0.0,3648.421875,3648.421875,True
2026-08-30T17:15:25.731795+00:00,postgresql,with_indexes,warm,q09_sales_by_category,3,55.8741670101881,50,0.0,3648.421875,3648.421875,True
2026-08-30T17:15:25.788107+00:00,postgresql,with_indexes,warm,q09_sales_by_category,4,55.881750013213605,50,0.0,3648.421875,3648.421875,True
2026-08-30T17:15:25.844829+00:00,postgresql,with_indexes,warm,q09_sales_by_category,5,56.204916996648535,50,30.978934324408968,3648.421875,3648.421875,True
2026-08-30T17:15:25.901491+00:00,postgresql,with_indexes,warm,q09_sales_by_category,6,56.21216702274978,50,31.818181835018745,3648.421875,3648.421875,True
2026-08-30T17:15:25.957965+00:00,postgresql,with_indexes,warm,q09_sales_by_category,7,56.04424999910407,50,24.44444443064707,3648.421875,3648.421875,True
2026-08-30T17:15:26.014648+00:00,postgresql,with_indexes,warm,q09_sales_by_category,8,56.347375008044764,50,38.29787232883143,3648.421875,3648.421875,True
2026-08-30T17:15:26.071440+00:00,postgresql,with_indexes,warm,q09_sales_by_category,9,56.371625018073246,50,29.545454561088835,3648.421875,3648.421875,True
2026-08-30T17:15:26.128252+00:00,postgresql,with_indexes,warm,q09_sales_by_category,10,56.19258401566185,50,0.0,3648.421875,3648.421875,True
2026-08-30T17:15:26.150987+00:00,postgresql,with_indexes,warm,q10_average_order_value,1,10.745707986643538,1,0.0,3648.421875,3648.421875,True
2026-08-30T17:15:26.162339+00:00,postgresql,with_indexes,warm,q10_average_order_value,2,10.799625015351921,1,0.0,3648.421875,3648.421875,True
2026-08-30T17:15:26.173607+00:00,postgresql,with_indexes,warm,q10_average_order_value,3,10.767625004518777,1,0.0,3648.421875,3648.421875,True
2026-08-30T17:15:26.185059+00:00,postgresql,with_indexes,warm,q10_average_order_value,4,10.9187500202097,1,0.0,3648.421875,3648.421875,True
2026-08-30T17:15:26.196722+00:00,postgresql,with_indexes,warm,q10_average_order_value,5,11.177500011399388,1,0.0,3648.421875,3648.421875,True
2026-08-30T17:15:26.207601+00:00,postgresql,with_indexes,warm,q10_average_order_value,6,10.498208022909239,1,0.0,3648.421875,3648.421875,True
2026-08-30T17:15:26.218340+00:00,postgresql,with_indexes,warm,q10_average_order_value,7,10.427792003611103,1,0.0,3648.421875,3648.421875,True
2026-08-30T17:15:26.229512+00:00,postgresql,with_indexes,warm,q10_average_order_value,8,10.738999990280718,1,0.0,3648.421875,3648.421875,True
2026-08-30T17:15:26.240647+00:00,postgresql,with_indexes,warm,q10_average_order_value,9,10.667583002941683,1,0.0,3648.421875,3648.421875,True
2026-08-30T17:15:26.251603+00:00,postgresql,with_indexes,warm,q10_average_order_value,10,10.497875016881153,1,0.0,3648.421875,3648.421875,True
2026-08-30T17:15:26.273572+00:00,postgresql,with_indexes,warm,q11_orders_by_status,1,10.701458988478407,6,0.0,3648.421875,3648.421875,True
2026-08-30T17:15:26.284286+00:00,postgresql,with_indexes,warm,q11_orders_by_status,2,10.348958021495491,6,0.0,3648.421875,3648.421875,True
2026-08-30T17:15:26.294942+00:00,postgresql,with_indexes,warm,q11_orders_by_status,3,10.340542008634657,6,0.0,3648.421875,3648.421875,True
2026-08-30T17:15:26.306293+00:00,postgresql,with_indexes,warm,q11_orders_by_status,4,10.758249991340563,6,0.0,3648.421875,3648.421875,True
2026-08-30T17:15:26.317916+00:00,postgresql,with_indexes,warm,q11_orders_by_status,5,11.196875013411045,6,0.0,3648.421875,3648.421875,True
2026-08-30T17:15:26.328981+00:00,postgresql,with_indexes,warm,q11_orders_by_status,6,10.689042013837025,6,0.0,3648.421875,3648.421875,True
2026-08-30T17:15:26.339981+00:00,postgresql,with_indexes,warm,q11_orders_by_status,7,10.528917016927153,6,0.0,3648.421875,3648.421875,True
2026-08-30T17:15:26.350990+00:00,postgresql,with_indexes,warm,q11_orders_by_status,8,10.609832999762148,6,0.0,3648.421875,3648.421875,True
2026-08-30T17:15:26.362102+00:00,postgresql,with_indexes,warm,q11_orders_by_status,9,10.671041993191466,6,0.0,3648.421875,3648.421875,True
2026-08-30T17:15:26.373288+00:00,postgresql,with_indexes,warm,q11_orders_by_status,10,10.706625005695969,6,0.0,3648.421875,3648.421875,True
2026-08-30T17:15:26.451233+00:00,postgresql,with_indexes,warm,q12_top_customers,1,37.788875022670254,20,0.0,3648.421875,3648.421875,True
2026-08-30T17:15:26.489208+00:00,postgresql,with_indexes,warm,q12_top_customers,2,37.570125015918165,20,0.0,3650.5,3649.66875,True
2026-08-30T17:15:26.527560+00:00,postgresql,with_indexes,warm,q12_top_customers,3,37.876541988225654,20,0.0,3650.5,3650.5,True
2026-08-30T17:15:26.565647+00:00,postgresql,with_indexes,warm,q12_top_customers,4,37.72362502058968,20,0.0,3650.5,3650.5,True
2026-08-30T17:15:26.603016+00:00,postgresql,with_indexes,warm,q12_top_customers,5,36.95170901482925,20,0.0,3650.5,3650.5,True
2026-08-30T17:15:26.640078+00:00,postgresql,with_indexes,warm,q12_top_customers,6,36.601291998522356,20,0.0,3650.5,3650.5,True
2026-08-30T17:15:26.677141+00:00,postgresql,with_indexes,warm,q12_top_customers,7,36.772374995052814,20,0.0,3650.5,3650.5,True
2026-08-30T17:15:26.714843+00:00,postgresql,with_indexes,warm,q12_top_customers,8,37.38929098471999,20,0.0,3650.5,3650.5,True
2026-08-30T17:15:26.751773+00:00,postgresql,with_indexes,warm,q12_top_customers,9,36.627541994675994,20,0.0,3650.5,3650.5,True
2026-08-30T17:15:26.789197+00:00,postgresql,with_indexes,warm,q12_top_customers,10,37.06966698518954,20,0.0,3650.5,3650.5,True
2026-08-30T17:15:27.966856+00:00,postgresql,with_indexes,warm,q13_heavy_multi_join,1,591.4408339885995,100,22.717622081120215,3657.03125,3655.863664215686,True
2026-08-30T17:15:28.555582+00:00,postgresql,with_indexes,warm,q13_heavy_multi_join,2,588.3056669845246,100,21.063829787244583,3666.796875,3658.386875,True
2026-08-30T17:15:29.142386+00:00,postgresql,with_indexes,warm,q13_heavy_multi_join,3,586.4335000223946,100,20.342612419027628,3666.6875,3666.686875,True
2026-08-30T17:15:29.726600+00:00,postgresql,with_indexes,warm,q13_heavy_multi_join,4,583.8018750073388,100,19.35483870806223,3666.6875,3663.3737745098038,True
2026-08-30T17:15:30.246248+00:00,postgresql,with_indexes,warm,q13_heavy_multi_join,5,519.3835419777315,100,26.9689737487673,3659.046875,3659.046875,True
2026-08-30T17:15:30.757612+00:00,postgresql,with_indexes,warm,q13_heavy_multi_join,6,511.00649998988956,100,25.36945812987269,3659.046875,3652.893465909091,True
2026-08-30T17:15:31.271689+00:00,postgresql,with_indexes,warm,q13_heavy_multi_join,7,513.7316249893047,100,24.75728155317859,3647.765625,3647.765625,True
2026-08-30T17:15:31.778854+00:00,postgresql,with_indexes,warm,q13_heavy_multi_join,8,506.852082995465,100,19.851116621697486,3667.21875,3659.0752180232557,True
2026-08-30T17:15:32.285754+00:00,postgresql,with_indexes,warm,q13_heavy_multi_join,9,506.60212500952184,100,21.588089331401072,3667.21875,3667.21875,True
2026-08-30T17:15:32.792538+00:00,postgresql,with_indexes,warm,q13_heavy_multi_join,10,506.2505840032827,100,19.10669975219077,3669.609375,3668.595203488372,True
2026-08-30T17:15:32.795411+00:00,postgresql,with_indexes,warm,q14_insert,1,2.3069159942679107,1,50.0,3669.609375,3669.609375,True
2026-08-30T17:15:32.797032+00:00,postgresql,with_indexes,warm,q14_insert,2,0.6476669805124402,1,0.0,3669.609375,3669.609375,True
2026-08-30T17:15:32.798172+00:00,postgresql,with_indexes,warm,q14_insert,3,0.6261249945964664,1,0.0,3669.609375,3669.609375,True
2026-08-30T17:15:32.799269+00:00,postgresql,with_indexes,warm,q14_insert,4,0.60450000455603,1,0.0,3669.609375,3669.609375,True
2026-08-30T17:15:32.800247+00:00,postgresql,with_indexes,warm,q14_insert,5,0.5359579809010029,1,0.0,3669.609375,3669.609375,True
2026-08-30T17:15:32.801262+00:00,postgresql,with_indexes,warm,q14_insert,6,0.5582500016316772,1,0.0,3669.609375,3669.609375,True
2026-08-30T17:15:32.802245+00:00,postgresql,with_indexes,warm,q14_insert,7,0.5565409956034273,1,0.0,3669.609375,3669.609375,True
2026-08-30T17:15:32.803209+00:00,postgresql,with_indexes,warm,q14_insert,8,0.5687919910997152,1,0.0,3669.609375,3669.609375,True
2026-08-30T17:15:32.804414+00:00,postgresql,with_indexes,warm,q14_insert,9,0.6173750152811408,1,0.0,3669.609375,3669.609375,True
2026-08-30T17:15:32.805807+00:00,postgresql,with_indexes,warm,q14_insert,10,0.7096249901223928,1,0.0,3669.609375,3669.609375,True
2026-08-30T17:15:32.806838+00:00,postgresql,with_indexes,warm,q15_update,1,0.5958750261925161,1,0.0,3669.609375,3669.609375,True
2026-08-30T17:15:32.807871+00:00,postgresql,with_indexes,warm,q15_update,2,0.5754590092692524,1,0.0,3669.609375,3669.609375,True
2026-08-30T17:15:32.809050+00:00,postgresql,with_indexes,warm,q15_update,3,0.6129590037744492,1,0.0,3669.609375,3669.609375,True
2026-08-30T17:15:32.809960+00:00,postgresql,with_indexes,warm,q15_update,4,0.49825001042336226,1,0.0,3669.609375,3669.609375,True
2026-08-30T17:15:32.810887+00:00,postgresql,with_indexes,warm,q15_update,5,0.5283750069793314,1,0.0,3669.609375,3669.609375,True
2026-08-30T17:15:32.811797+00:00,postgresql,with_indexes,warm,q15_update,6,0.5155830003786832,1,0.0,3669.609375,3669.609375,True
2026-08-30T17:15:32.812638+00:00,postgresql,with_indexes,warm,q15_update,7,0.47333299880847335,1,0.0,3669.609375,3669.609375,True
2026-08-30T17:15:32.813437+00:00,postgresql,with_indexes,warm,q15_update,8,0.4547499993350357,1,0.0,3669.609375,3669.609375,True
2026-08-30T17:15:32.814265+00:00,postgresql,with_indexes,warm,q15_update,9,0.46624999959021807,1,0.0,3669.609375,3669.609375,True
2026-08-30T17:15:32.815134+00:00,postgresql,with_indexes,warm,q15_update,10,0.5047500017099082,1,0.0,3669.609375,3669.609375,True
2026-08-30T17:15:32.816481+00:00,postgresql,with_indexes,warm,q16_delete,1,0.4105829866603017,1,0.0,3669.609375,3669.609375,True
2026-08-30T17:15:32.817770+00:00,postgresql,with_indexes,warm,q16_delete,2,0.31350000062957406,1,0.0,3669.609375,3669.609375,True
2026-08-30T17:15:32.819089+00:00,postgresql,with_indexes,warm,q16_delete,3,0.3148329851683229,1,0.0,3669.609375,3669.609375,True
2026-08-30T17:15:32.820334+00:00,postgresql,with_indexes,warm,q16_delete,4,0.31016700086183846,1,0.0,3669.609375,3669.609375,True
2026-08-30T17:15:32.821550+00:00,postgresql,with_indexes,warm,q16_delete,5,0.2948750043287873,1,0.0,3669.609375,3669.609375,True
2026-08-30T17:15:32.822691+00:00,postgresql,with_indexes,warm,q16_delete,6,0.3090410027652979,1,0.0,3669.609375,3669.609375,True
2026-08-30T17:15:32.823946+00:00,postgresql,with_indexes,warm,q16_delete,7,0.3223750100005418,1,0.0,3669.609375,3669.609375,True
2026-08-30T17:15:32.825427+00:00,postgresql,with_indexes,warm,q16_delete,8,0.3299579839222133,1,0.0,3669.609375,3669.609375,True
2026-08-30T17:15:32.826844+00:00,postgresql,with_indexes,warm,q16_delete,9,0.3581250202842057,1,0.0,3669.609375,3669.609375,True
2026-08-30T17:15:32.828234+00:00,postgresql,with_indexes,warm,q16_delete,10,0.3282079997006804,1,0.0,3669.609375,3669.609375,True
2026-08-30T17:29:23.127520+00:00,mongodb,without_extra_indexes,warm,q01_product_by_id,1,0.35887499689124525,1,0.0,3062.859375,3062.859375,True
2026-08-30T17:29:23.127935+00:00,mongodb,without_extra_indexes,warm,q01_product_by_id,2,0.3119169850833714,1,0.0,3062.859375,3062.859375,True
2026-08-30T17:29:23.128303+00:00,mongodb,without_extra_indexes,warm,q01_product_by_id,3,0.2789999998640269,1,0.0,3062.859375,3062.859375,True
2026-08-30T17:29:23.128669+00:00,mongodb,without_extra_indexes,warm,q01_product_by_id,4,0.27662498177960515,1,0.0,3062.859375,3062.859375,True
2026-08-30T17:29:23.128987+00:00,mongodb,without_extra_indexes,warm,q01_product_by_id,5,0.23862498346716166,1,0.0,3062.859375,3062.859375,True
2026-08-30T17:29:23.129367+00:00,mongodb,without_extra_indexes,warm,q01_product_by_id,6,0.28974999440833926,1,0.0,3062.859375,3062.859375,True
2026-08-30T17:29:23.129708+00:00,mongodb,without_extra_indexes,warm,q01_product_by_id,7,0.27237500762566924,1,0.0,3062.859375,3062.859375,True
2026-08-30T17:29:23.130004+00:00,mongodb,without_extra_indexes,warm,q01_product_by_id,8,0.23420798243023455,1,0.0,3062.859375,3062.859375,True
2026-08-30T17:29:23.130369+00:00,mongodb,without_extra_indexes,warm,q01_product_by_id,9,0.295000005280599,1,0.0,3062.859375,3062.859375,True
2026-08-30T17:29:23.130659+00:00,mongodb,without_extra_indexes,warm,q01_product_by_id,10,0.23016601335257292,1,0.0,3062.859375,3062.859375,True
2026-08-30T17:29:23.142360+00:00,mongodb,without_extra_indexes,warm,q02_product_name,1,5.175667000003159,50,0.0,3062.859375,3062.859375,True
2026-08-30T17:29:23.148781+00:00,mongodb,without_extra_indexes,warm,q02_product_name,2,6.325458001811057,50,0.0,3062.859375,3062.859375,True
2026-08-30T17:29:23.154617+00:00,mongodb,without_extra_indexes,warm,q02_product_name,3,5.732167017413303,50,0.0,3062.859375,3062.859375,True
2026-08-30T17:29:23.160272+00:00,mongodb,without_extra_indexes,warm,q02_product_name,4,5.5506249773316085,50,0.0,3062.859375,3062.859375,True
2026-08-30T17:29:23.166267+00:00,mongodb,without_extra_indexes,warm,q02_product_name,5,5.881292017875239,50,0.0,3062.859375,3062.859375,True
2026-08-30T17:29:23.172503+00:00,mongodb,without_extra_indexes,warm,q02_product_name,6,6.1167500098235905,50,0.0,3062.859375,3062.859375,True
2026-08-30T17:29:23.178653+00:00,mongodb,without_extra_indexes,warm,q02_product_name,7,6.056125013856217,50,0.0,3062.859375,3062.859375,True
2026-08-30T17:29:23.185202+00:00,mongodb,without_extra_indexes,warm,q02_product_name,8,6.439082993892953,50,0.0,3062.859375,3062.859375,True
2026-08-30T17:29:23.192102+00:00,mongodb,without_extra_indexes,warm,q02_product_name,9,6.780166004318744,50,0.0,3062.859375,3062.859375,True
2026-08-30T17:29:23.198676+00:00,mongodb,without_extra_indexes,warm,q02_product_name,10,6.467334023909643,50,41.37931033790634,3062.859375,3062.859375,True
2026-08-30T17:29:23.217779+00:00,mongodb,without_extra_indexes,warm,q03_products_by_category,1,8.872499980498105,200,28.57142857142857,3062.859375,3062.859375,True
2026-08-30T17:29:23.226197+00:00,mongodb,without_extra_indexes,warm,q03_products_by_category,2,8.316666993778199,200,0.0,3062.859375,3062.859375,True
2026-08-30T17:29:23.234547+00:00,mongodb,without_extra_indexes,warm,q03_products_by_category,3,8.24708299478516,200,0.0,3062.859375,3062.859375,True
2026-08-30T17:29:23.242312+00:00,mongodb,without_extra_indexes,warm,q03_products_by_category,4,7.673790998524055,200,0.0,3062.859375,3062.859375,True
2026-08-30T17:29:23.249974+00:00,mongodb,without_extra_indexes,warm,q03_products_by_category,5,7.565208012238145,200,0.0,3062.859375,3062.859375,True
2026-08-30T17:29:23.257190+00:00,mongodb,without_extra_indexes,warm,q03_products_by_category,6,7.1291660133283585,200,0.0,3062.859375,3062.859375,True
2026-08-30T17:29:23.264413+00:00,mongodb,without_extra_indexes,warm,q03_products_by_category,7,7.137542008422315,200,0.0,3062.859375,3062.859375,True
2026-08-30T17:29:23.271599+00:00,mongodb,without_extra_indexes,warm,q03_products_by_category,8,7.097458001226187,200,0.0,3062.859375,3062.859375,True
2026-08-30T17:29:23.279138+00:00,mongodb,without_extra_indexes,warm,q03_products_by_category,9,7.443165988661349,200,0.0,3062.859375,3062.859375,True
2026-08-30T17:29:23.286189+00:00,mongodb,without_extra_indexes,warm,q03_products_by_category,10,6.9463330146390945,200,0.0,3062.859375,3062.859375,True
2026-08-30T17:29:23.398163+00:00,mongodb,without_extra_indexes,warm,q04_orders_by_customer,1,32.640666991937906,9,0.0,3062.859375,3062.859375,True
2026-08-30T17:29:23.430610+00:00,mongodb,without_extra_indexes,warm,q04_orders_by_customer,2,32.095291011501104,9,0.0,3062.859375,3062.859375,True
2026-08-30T17:29:23.463285+00:00,mongodb,without_extra_indexes,warm,q04_orders_by_customer,3,32.35162500641309,9,0.0,3062.859375,3062.859375,True
2026-08-30T17:29:23.496834+00:00,mongodb,without_extra_indexes,warm,q04_orders_by_customer,4,33.01949999877252,9,0.0,3062.859375,3062.859375,True
2026-08-30T17:29:23.530065+00:00,mongodb,without_extra_indexes,warm,q04_orders_by_customer,5,32.54133299924433,9,0.0,3062.859375,3062.859375,True
2026-08-30T17:29:23.562466+00:00,mongodb,without_extra_indexes,warm,q04_orders_by_customer,6,32.0515829953365,9,0.0,3062.859375,3062.859375,True
2026-08-30T17:29:23.595276+00:00,mongodb,without_extra_indexes,warm,q04_orders_by_customer,7,32.46758400928229,9,0.0,3062.859375,3062.859375,True
2026-08-30T17:29:23.628753+00:00,mongodb,without_extra_indexes,warm,q04_orders_by_customer,8,33.126458001788706,9,0.0,3062.859375,3062.859375,True
2026-08-30T17:29:23.662116+00:00,mongodb,without_extra_indexes,warm,q04_orders_by_customer,9,32.90937497513369,9,0.0,3062.859375,3062.859375,True
2026-08-30T17:29:23.695652+00:00,mongodb,without_extra_indexes,warm,q04_orders_by_customer,10,32.9293749819044,9,0.0,3062.859375,3062.859375,True
2026-08-30T17:29:23.699194+00:00,mongodb,without_extra_indexes,warm,q05_complete_order,1,0.9578340104781091,1,0.0,3062.859375,3062.859375,True
2026-08-30T17:29:23.700418+00:00,mongodb,without_extra_indexes,warm,q05_complete_order,2,0.8764580124989152,1,0.0,3062.859375,3062.859375,True
2026-08-30T17:29:23.701254+00:00,mongodb,without_extra_indexes,warm,q05_complete_order,3,0.6331669865176082,1,0.0,3062.859375,3062.859375,True
2026-08-30T17:29:23.702155+00:00,mongodb,without_extra_indexes,warm,q05_complete_order,4,0.6514999840874225,1,0.0,3062.859375,3062.859375,True
2026-08-30T17:29:23.703223+00:00,mongodb,without_extra_indexes,warm,q05_complete_order,5,0.8007499855011702,1,0.0,3062.859375,3062.859375,True
2026-08-30T17:29:23.704632+00:00,mongodb,without_extra_indexes,warm,q05_complete_order,6,0.9364580037072301,1,0.0,3062.859375,3062.859375,True
2026-08-30T17:29:23.705824+00:00,mongodb,without_extra_indexes,warm,q05_complete_order,7,0.8524169970769435,1,0.0,3062.859375,3062.859375,True
2026-08-30T17:29:23.706687+00:00,mongodb,without_extra_indexes,warm,q05_complete_order,8,0.6296659994404763,1,0.0,3062.859375,3062.859375,True
2026-08-30T17:29:23.707786+00:00,mongodb,without_extra_indexes,warm,q05_complete_order,9,0.8329580014105886,1,0.0,3062.859375,3062.859375,True
2026-08-30T17:29:23.708735+00:00,mongodb,without_extra_indexes,warm,q05_complete_order,10,0.7188330055214465,1,0.0,3062.859375,3062.859375,True
2026-08-30T17:29:23.781677+00:00,mongodb,without_extra_indexes,warm,q06_total_sales,1,35.657792002893984,1,0.0,3062.859375,3062.859375,True
2026-08-30T17:29:23.817407+00:00,mongodb,without_extra_indexes,warm,q06_total_sales,2,35.25712501141243,1,0.0,3062.859375,3062.859375,True
2026-08-30T17:29:23.852929+00:00,mongodb,without_extra_indexes,warm,q06_total_sales,3,35.10845798882656,1,0.0,3062.859375,3062.859375,True
2026-08-30T17:29:23.889000+00:00,mongodb,without_extra_indexes,warm,q06_total_sales,4,35.65575001994148,1,0.0,3062.859375,3062.859375,True
2026-08-30T17:29:23.924976+00:00,mongodb,without_extra_indexes,warm,q06_total_sales,5,35.49479099456221,1,0.0,3062.859375,3062.859375,True
2026-08-30T17:29:23.960167+00:00,mongodb,without_extra_indexes,warm,q06_total_sales,6,34.72266599419527,1,0.0,3062.859375,3062.859375,True
2026-08-30T17:29:23.996231+00:00,mongodb,without_extra_indexes,warm,q06_total_sales,7,35.648208984639496,1,0.0,3062.859375,3062.859375,True
2026-08-30T17:29:24.031479+00:00,mongodb,without_extra_indexes,warm,q06_total_sales,8,34.80599998147227,1,0.0,3062.859375,3062.859375,True
2026-08-30T17:29:24.066583+00:00,mongodb,without_extra_indexes,warm,q06_total_sales,9,34.70799999195151,1,0.0,3062.859375,3062.859375,True
2026-08-30T17:29:24.101411+00:00,mongodb,without_extra_indexes,warm,q06_total_sales,10,34.395291993860155,1,0.0,3119.640625,3091.18359375,True
2026-08-30T17:29:24.171541+00:00,mongodb,without_extra_indexes,warm,q07_sales_date_range,1,34.723165998002514,1,0.0,3121.234375,3120.89453125,True
2026-08-30T17:29:24.206611+00:00,mongodb,without_extra_indexes,warm,q07_sales_date_range,2,34.62024999316782,1,40.96692111870346,3121.234375,3121.234375,True
2026-08-30T17:29:24.241594+00:00,mongodb,without_extra_indexes,warm,q07_sales_date_range,3,34.680541983107105,1,35.714285743983496,3121.234375,3121.234375,True
2026-08-30T17:29:24.276525+00:00,mongodb,without_extra_indexes,warm,q07_sales_date_range,4,34.59558400209062,1,0.0,3121.234375,3121.234375,True
2026-08-30T17:29:24.311584+00:00,mongodb,without_extra_indexes,warm,q07_sales_date_range,5,34.618500008946285,1,0.0,3121.234375,3121.234375,True
2026-08-30T17:29:24.346731+00:00,mongodb,without_extra_indexes,warm,q07_sales_date_range,6,34.687207982642576,1,0.0,3121.234375,3121.234375,True
2026-08-30T17:29:24.381609+00:00,mongodb,without_extra_indexes,warm,q07_sales_date_range,7,34.51787499943748,1,0.0,3121.234375,3121.234375,True
2026-08-30T17:29:24.416605+00:00,mongodb,without_extra_indexes,warm,q07_sales_date_range,8,34.59858300630003,1,0.0,3121.234375,3121.234375,True
2026-08-30T17:29:24.451693+00:00,mongodb,without_extra_indexes,warm,q07_sales_date_range,9,34.61220799363218,1,0.0,3121.234375,3121.234375,True
2026-08-30T17:29:24.486618+00:00,mongodb,without_extra_indexes,warm,q07_sales_date_range,10,34.54945798148401,1,0.0,3121.234375,3121.234375,True
2026-08-30T17:29:25.036190+00:00,mongodb,without_extra_indexes,warm,q08_top_products,1,263.2822089944966,20,0.0,3121.234375,3121.234375,True
2026-08-30T17:29:25.297983+00:00,mongodb,without_extra_indexes,warm,q08_top_products,2,261.43125002272427,20,34.28232502870586,3123.484375,3122.9341032608695,True
2026-08-30T17:29:25.581157+00:00,mongodb,without_extra_indexes,warm,q08_top_products,3,282.5701249821577,20,40.000000006208815,3123.453125,3123.453125,True
2026-08-30T17:29:25.842068+00:00,mongodb,without_extra_indexes,warm,q08_top_products,4,260.5184160056524,20,35.0710900452492,3123.453125,3123.453125,True
2026-08-30T17:29:26.105820+00:00,mongodb,without_extra_indexes,warm,q08_top_products,5,262.8806669963524,20,0.0,3123.453125,3122.99609375,True
2026-08-30T17:29:26.364720+00:00,mongodb,without_extra_indexes,warm,q08_top_products,6,258.4979170060251,20,41.304347826209224,3120.734375,3116.404891304348,True
2026-08-30T17:29:26.631681+00:00,mongodb,without_extra_indexes,warm,q08_top_products,7,266.6717089887243,20,0.0,3115.953125,3115.953125,True
2026-08-30T17:29:26.890428+00:00,mongodb,without_extra_indexes,warm,q08_top_products,8,258.3803749876097,20,0.0,3115.953125,3115.953125,True
2026-08-30T17:29:27.149599+00:00,mongodb,without_extra_indexes,warm,q08_top_products,9,258.83504198282026,20,0.0,3116.703125,3116.077445652174,True
2026-08-30T17:29:27.416314+00:00,mongodb,without_extra_indexes,warm,q08_top_products,10,266.34629198815674,20,38.928571428145766,3116.75,3116.7239583333335,True
2026-08-30T17:29:52.418001+00:00,mongodb,without_extra_indexes,warm,q09_sales_by_category,1,12490.63537499751,50,32.17871485937109,3140.40625,3129.1561754532445,True
2026-08-30T17:30:05.347793+00:00,mongodb,without_extra_indexes,warm,q09_sales_by_category,2,12929.76387499948,50,48.13736903360793,3266.296875,3128.4256048387097,True
2026-08-30T17:30:18.119108+00:00,mongodb,without_extra_indexes,warm,q09_sales_by_category,3,12771.15270899958,50,38.91188645771325,3128.265625,3082.0525594682836,True
2026-08-30T17:30:30.911810+00:00,mongodb,without_extra_indexes,warm,q09_sales_by_category,4,12792.771708016517,50,35.1481736733409,3141.8125,3115.4583284611786,True
2026-08-30T17:30:43.709221+00:00,mongodb,without_extra_indexes,warm,q09_sales_by_category,5,12797.362249984872,50,35.805022156657586,3149.125,3107.6963156044985,True
2026-08-30T17:30:56.423172+00:00,mongodb,without_extra_indexes,warm,q09_sales_by_category,6,12713.75579200685,50,28.771199047890384,3115.046875,3082.995550399436,True
2026-08-30T17:31:08.997658+00:00,mongodb,without_extra_indexes,warm,q09_sales_by_category,7,12574.511374987196,50,28.106212424883246,3100.0625,3083.6526832617,True
2026-08-30T17:31:21.561536+00:00,mongodb,without_extra_indexes,warm,q09_sales_by_category,8,12563.977375015384,50,27.584478090859776,3108.90625,3100.058399185824,True
2026-08-30T17:31:34.174467+00:00,mongodb,without_extra_indexes,warm,q09_sales_by_category,9,12612.940500024706,50,27.332667332575223,3123.65625,3107.9056421963946,True
2026-08-30T17:31:46.853751+00:00,mongodb,without_extra_indexes,warm,q09_sales_by_category,10,12679.159040999366,50,29.193596500033227,3123.109375,3111.8129721435316,True
2026-08-30T17:31:46.939607+00:00,mongodb,without_extra_indexes,warm,q10_average_order_value,1,41.50941700208932,1,29.411764726023414,3080.65625,3080.65625,True
2026-08-30T17:31:46.980977+00:00,mongodb,without_extra_indexes,warm,q10_average_order_value,2,40.88066701660864,1,0.0,3080.65625,3080.65625,True
2026-08-30T17:31:47.022441+00:00,mongodb,without_extra_indexes,warm,q10_average_order_value,3,41.02191698621027,1,0.0,3080.65625,3080.65625,True
2026-08-30T17:31:47.063566+00:00,mongodb,without_extra_indexes,warm,q10_average_order_value,4,40.78354200464673,1,0.0,3080.65625,3080.65625,True
2026-08-30T17:31:47.104715+00:00,mongodb,without_extra_indexes,warm,q10_average_order_value,5,40.717249998124316,1,0.0,3080.65625,3080.65625,True
2026-08-30T17:31:47.146170+00:00,mongodb,without_extra_indexes,warm,q10_average_order_value,6,40.95291602425277,1,0.0,3080.65625,3080.65625,True
2026-08-30T17:31:47.188355+00:00,mongodb,without_extra_indexes,warm,q10_average_order_value,7,41.68620900600217,1,0.0,3080.65625,3080.65625,True
2026-08-30T17:31:47.229541+00:00,mongodb,without_extra_indexes,warm,q10_average_order_value,8,40.84279100061394,1,0.0,3080.65625,3080.65625,True
2026-08-30T17:31:47.270819+00:00,mongodb,without_extra_indexes,warm,q10_average_order_value,9,40.8076670137234,1,0.0,3080.65625,3080.65625,True
2026-08-30T17:31:47.312063+00:00,mongodb,without_extra_indexes,warm,q10_average_order_value,10,40.69716698722914,1,0.0,3080.65625,3080.65625,True
2026-08-30T17:31:47.374757+00:00,mongodb,without_extra_indexes,warm,q11_orders_by_status,1,31.281333009246737,6,0.0,3080.65625,3080.65625,True
2026-08-30T17:31:47.406677+00:00,mongodb,without_extra_indexes,warm,q11_orders_by_status,2,31.38666701852344,6,0.0,3080.65625,3080.65625,True
2026-08-30T17:31:47.438467+00:00,mongodb,without_extra_indexes,warm,q11_orders_by_status,3,31.366708979476243,6,0.0,3080.65625,3080.65625,True
2026-08-30T17:31:47.470051+00:00,mongodb,without_extra_indexes,warm,q11_orders_by_status,4,31.19933299603872,6,0.0,3080.65625,3080.65625,True
2026-08-30T17:31:47.501806+00:00,mongodb,without_extra_indexes,warm,q11_orders_by_status,5,31.2112910032738,6,0.0,3080.65625,3080.65625,True
2026-08-30T17:31:47.533675+00:00,mongodb,without_extra_indexes,warm,q11_orders_by_status,6,31.3910830009263,6,0.0,3080.65625,3080.65625,True
2026-08-30T17:31:47.565403+00:00,mongodb,without_extra_indexes,warm,q11_orders_by_status,7,31.26333301770501,6,0.0,3080.65625,3080.65625,True
2026-08-30T17:31:47.596822+00:00,mongodb,without_extra_indexes,warm,q11_orders_by_status,8,31.001957977423444,6,0.0,3080.65625,3080.65625,True
2026-08-30T17:31:47.628513+00:00,mongodb,without_extra_indexes,warm,q11_orders_by_status,9,31.04779199929908,6,0.0,3080.65625,3080.65625,True
2026-08-30T17:31:47.661220+00:00,mongodb,without_extra_indexes,warm,q11_orders_by_status,10,31.628625001758337,6,0.0,3080.65625,3080.65625,True
2026-08-30T17:31:47.802896+00:00,mongodb,without_extra_indexes,warm,q12_top_customers,1,68.07191699044779,20,0.0,3092.90625,3091.3370535714284,True
2026-08-30T17:31:47.868623+00:00,mongodb,without_extra_indexes,warm,q12_top_customers,2,65.17545902170241,20,27.14870395594078,3093.0,3092.995535714286,True
2026-08-30T17:31:47.934941+00:00,mongodb,without_extra_indexes,warm,q12_top_customers,3,65.73679199209437,20,22.641509419871408,3093.0,3093.0,True
2026-08-30T17:31:48.000131+00:00,mongodb,without_extra_indexes,warm,q12_top_customers,4,64.75691599189304,20,30.909090922175608,3093.0,3093.0,True
2026-08-30T17:31:48.066117+00:00,mongodb,without_extra_indexes,warm,q12_top_customers,5,65.5879589903634,20,0.0,3093.0,3093.0,True
2026-08-30T17:31:48.130754+00:00,mongodb,without_extra_indexes,warm,q12_top_customers,6,64.15204197401181,20,0.0,3093.0,3093.0,True
2026-08-30T17:31:48.194853+00:00,mongodb,without_extra_indexes,warm,q12_top_customers,7,63.7440420105122,20,0.0,3093.0,3093.0,True
2026-08-30T17:31:48.258481+00:00,mongodb,without_extra_indexes,warm,q12_top_customers,8,63.32708400441334,20,0.0,3093.0,3093.0,True
2026-08-30T17:31:48.323566+00:00,mongodb,without_extra_indexes,warm,q12_top_customers,9,64.7108749835752,20,0.0,3093.0,3093.0,True
2026-08-30T17:31:48.387636+00:00,mongodb,without_extra_indexes,warm,q12_top_customers,10,63.648083014413714,20,0.0,3093.0,3093.0,True
2026-08-30T17:32:26.547461+00:00,mongodb,without_extra_indexes,warm,q13_heavy_multi_join,1,19371.446125005605,100,25.077700077697095,3207.828125,3129.565698666253,True
2026-08-30T17:32:45.362164+00:00,mongodb,without_extra_indexes,warm,q13_heavy_multi_join,2,18814.747207972687,100,21.390017991656684,3279.125,3228.891293502554,True
2026-08-30T17:33:05.390799+00:00,mongodb,without_extra_indexes,warm,q13_heavy_multi_join,3,20028.912959009176,100,40.589782118702324,3383.625,3261.6464458955224,True
2026-08-30T17:33:24.317235+00:00,mongodb,without_extra_indexes,warm,q13_heavy_multi_join,4,18926.57216702355,100,23.859044843363108,3220.984375,3151.7003635568976,True
2026-08-30T17:33:43.070139+00:00,mongodb,without_extra_indexes,warm,q13_heavy_multi_join,5,18753.236749995267,100,23.38617967754695,3288.4375,3262.100530849359,True
2026-08-30T17:34:01.819933+00:00,mongodb,without_extra_indexes,warm,q13_heavy_multi_join,6,18750.06374999066,100,21.468699839423678,3273.265625,3245.224344629156,True
2026-08-30T17:34:20.668072+00:00,mongodb,without_extra_indexes,warm,q13_heavy_multi_join,7,18848.41691699694,100,22.497838664660076,3255.796875,3229.231780772901,True
2026-08-30T17:34:39.351827+00:00,mongodb,without_extra_indexes,warm,q13_heavy_multi_join,8,18684.064000000944,100,21.23632458547522,3275.40625,3236.91919728819,True
2026-08-30T17:34:58.035239+00:00,mongodb,without_extra_indexes,warm,q13_heavy_multi_join,9,18683.550832996843,100,20.68433411611196,3240.109375,3223.9375200706486,True
2026-08-30T17:35:16.890350+00:00,mongodb,without_extra_indexes,warm,q13_heavy_multi_join,10,18855.29758298071,100,22.93010573918277,3229.0,3192.9536129700446,True
2026-08-30T17:35:16.897588+00:00,mongodb,without_extra_indexes,warm,q14_insert,1,1.1776669998653233,1,0.0,3105.3125,3105.3125,True
2026-08-30T17:35:16.899202+00:00,mongodb,without_extra_indexes,warm,q14_insert,2,0.44800000614486635,1,0.0,3105.3125,3105.3125,True
2026-08-30T17:35:16.900728+00:00,mongodb,without_extra_indexes,warm,q14_insert,3,0.4277499974705279,1,0.0,3105.3125,3105.3125,True
2026-08-30T17:35:16.902082+00:00,mongodb,without_extra_indexes,warm,q14_insert,4,0.3936669963877648,1,0.0,3105.3125,3105.3125,True
2026-08-30T17:35:16.903472+00:00,mongodb,without_extra_indexes,warm,q14_insert,5,0.42308398406021297,1,0.0,3105.3125,3105.3125,True
2026-08-30T17:35:16.904847+00:00,mongodb,without_extra_indexes,warm,q14_insert,6,0.38891599979251623,1,0.0,3105.3125,3105.3125,True
2026-08-30T17:35:16.906140+00:00,mongodb,without_extra_indexes,warm,q14_insert,7,0.4016250022687018,1,0.0,3105.3125,3105.3125,True
2026-08-30T17:35:16.907548+00:00,mongodb,without_extra_indexes,warm,q14_insert,8,0.40004198672249913,1,0.0,3105.3125,3105.3125,True
2026-08-30T17:35:16.908946+00:00,mongodb,without_extra_indexes,warm,q14_insert,9,0.44624999281950295,1,0.0,3105.3125,3105.3125,True
2026-08-30T17:35:16.910344+00:00,mongodb,without_extra_indexes,warm,q14_insert,10,0.4039169871248305,1,0.0,3105.3125,3105.3125,True
2026-08-30T17:35:16.912598+00:00,mongodb,without_extra_indexes,warm,q15_update,1,0.770999991800636,1,0.0,3105.3125,3105.3125,True
2026-08-30T17:35:16.914497+00:00,mongodb,without_extra_indexes,warm,q15_update,2,0.4403750062920153,1,0.0,3105.3125,3105.3125,True
2026-08-30T17:35:16.916473+00:00,mongodb,without_extra_indexes,warm,q15_update,3,0.44975001947022974,1,0.0,3105.3125,3105.3125,True
2026-08-30T17:35:16.918361+00:00,mongodb,without_extra_indexes,warm,q15_update,4,0.43670900049619377,1,0.0,3105.3125,3105.3125,True
2026-08-30T17:35:16.920580+00:00,mongodb,without_extra_indexes,warm,q15_update,5,0.5200000014156103,1,0.0,3105.3125,3105.3125,True
2026-08-30T17:35:16.922859+00:00,mongodb,without_extra_indexes,warm,q15_update,6,0.5117499968037009,1,0.0,3105.3125,3105.3125,True
2026-08-30T17:35:16.925739+00:00,mongodb,without_extra_indexes,warm,q15_update,7,0.5564159946516156,1,0.0,3105.3125,3105.3125,True
2026-08-30T17:35:16.928035+00:00,mongodb,without_extra_indexes,warm,q15_update,8,0.504583993460983,1,0.0,3105.3125,3105.3125,True
2026-08-30T17:35:16.930261+00:00,mongodb,without_extra_indexes,warm,q15_update,9,0.4939170030411333,1,0.0,3105.3125,3105.3125,True
2026-08-30T17:35:16.932470+00:00,mongodb,without_extra_indexes,warm,q15_update,10,0.4880419874098152,1,0.0,3105.3125,3105.3125,True
2026-08-30T17:35:16.934843+00:00,mongodb,without_extra_indexes,warm,q16_delete,1,0.5332090076990426,1,0.0,3105.3125,3105.3125,True
2026-08-30T17:35:16.937331+00:00,mongodb,without_extra_indexes,warm,q16_delete,2,0.5232499970588833,1,0.0,3105.3125,3105.3125,True
2026-08-30T17:35:16.939620+00:00,mongodb,without_extra_indexes,warm,q16_delete,3,0.49795801169238985,1,0.0,3105.3125,3105.3125,True
2026-08-30T17:35:16.941863+00:00,mongodb,without_extra_indexes,warm,q16_delete,4,0.4875419836025685,1,0.0,3105.3125,3105.3125,True
2026-08-30T17:35:16.944112+00:00,mongodb,without_extra_indexes,warm,q16_delete,5,0.5040000251028687,1,0.0,3105.3125,3105.3125,True
2026-08-30T17:35:16.946437+00:00,mongodb,without_extra_indexes,warm,q16_delete,6,0.49954099813476205,1,0.0,3105.3125,3105.3125,True
2026-08-30T17:35:16.948797+00:00,mongodb,without_extra_indexes,warm,q16_delete,7,0.4984579863958061,1,0.0,3105.3125,3105.3125,True
2026-08-30T17:35:16.950982+00:00,mongodb,without_extra_indexes,warm,q16_delete,8,0.47737499698996544,1,0.0,3105.3125,3105.3125,True
2026-08-30T17:35:16.952969+00:00,mongodb,without_extra_indexes,warm,q16_delete,9,0.4607090086210519,1,0.0,3105.3125,3105.3125,True
2026-08-30T17:35:16.955131+00:00,mongodb,without_extra_indexes,warm,q16_delete,10,0.5020000098738819,1,0.0,3105.3125,3105.3125,True
2026-08-30T17:35:17.663432+00:00,mongodb,with_indexes,warm,q01_product_by_id,1,0.4813330015167594,1,0.0,3176.234375,3176.1953125,True
2026-08-30T17:35:17.664095+00:00,mongodb,with_indexes,warm,q01_product_by_id,2,0.4565840063150972,1,0.0,3176.234375,3176.21875,True
2026-08-30T17:35:17.664720+00:00,mongodb,with_indexes,warm,q01_product_by_id,3,0.4565419803839177,1,0.0,3176.296875,3176.265625,True
2026-08-30T17:35:17.665344+00:00,mongodb,with_indexes,warm,q01_product_by_id,4,0.46929100062698126,1,0.0,3176.3125,3176.2890625,True
2026-08-30T17:35:17.666004+00:00,mongodb,with_indexes,warm,q01_product_by_id,5,0.4581660032272339,1,0.0,3176.28125,3176.28125,True
2026-08-30T17:35:17.666654+00:00,mongodb,with_indexes,warm,q01_product_by_id,6,0.46224999823607504,1,0.0,3176.28125,3176.28125,True
2026-08-30T17:35:17.667238+00:00,mongodb,with_indexes,warm,q01_product_by_id,7,0.4192909982521087,1,0.0,3176.28125,3176.28125,True
2026-08-30T17:35:17.667808+00:00,mongodb,with_indexes,warm,q01_product_by_id,8,0.4231249913573265,1,0.0,3176.28125,3176.28125,True
2026-08-30T17:35:17.668401+00:00,mongodb,with_indexes,warm,q01_product_by_id,9,0.4204580036457628,1,0.0,3176.28125,3176.28125,True
2026-08-30T17:35:17.668955+00:00,mongodb,with_indexes,warm,q01_product_by_id,10,0.40262500988319516,1,0.0,3176.28125,3176.28125,True
2026-08-30T17:35:17.671888+00:00,mongodb,with_indexes,warm,q02_product_name,1,0.9492500103078783,50,0.0,3176.28125,3176.28125,True
2026-08-30T17:35:17.672995+00:00,mongodb,with_indexes,warm,q02_product_name,2,0.9260419756174088,50,0.0,3176.28125,3176.28125,True
2026-08-30T17:35:17.674116+00:00,mongodb,with_indexes,warm,q02_product_name,3,0.9067499777302146,50,0.0,3176.28125,3176.28125,True
2026-08-30T17:35:17.675288+00:00,mongodb,with_indexes,warm,q02_product_name,4,0.9462089801672846,50,0.0,3176.28125,3176.28125,True
2026-08-30T17:35:17.676379+00:00,mongodb,with_indexes,warm,q02_product_name,5,0.8643750043120235,50,0.0,3176.28125,3176.28125,True
2026-08-30T17:35:17.682168+00:00,mongodb,with_indexes,warm,q02_product_name,6,5.596457980573177,50,0.0,3176.28125,3176.28125,True
2026-08-30T17:35:17.683074+00:00,mongodb,with_indexes,warm,q02_product_name,7,0.7729580102022737,50,0.0,3176.28125,3176.28125,True
2026-08-30T17:35:17.683908+00:00,mongodb,with_indexes,warm,q02_product_name,8,0.721417018212378,50,0.0,3176.28125,3176.28125,True
2026-08-30T17:35:17.684706+00:00,mongodb,with_indexes,warm,q02_product_name,9,0.6989169924054295,50,0.0,3176.28125,3176.28125,True
2026-08-30T17:35:17.685444+00:00,mongodb,with_indexes,warm,q02_product_name,10,0.6534159765578806,50,0.0,3176.28125,3176.28125,True
2026-08-30T17:35:17.690402+00:00,mongodb,with_indexes,warm,q03_products_by_category,1,2.1530840022023767,200,0.0,3176.28125,3176.28125,True
2026-08-30T17:35:17.693276+00:00,mongodb,with_indexes,warm,q03_products_by_category,2,2.60062501183711,200,0.0,3176.28125,3176.28125,True
2026-08-30T17:35:17.695569+00:00,mongodb,with_indexes,warm,q03_products_by_category,3,2.117540978360921,200,0.0,3176.28125,3176.28125,True
2026-08-30T17:35:17.697896+00:00,mongodb,with_indexes,warm,q03_products_by_category,4,2.1326249989215285,200,0.0,3176.28125,3176.28125,True
2026-08-30T17:35:17.758030+00:00,mongodb,with_indexes,warm,q03_products_by_category,5,59.94045900297351,200,0.0,3176.28125,3176.28125,True
2026-08-30T17:35:17.761020+00:00,mongodb,with_indexes,warm,q03_products_by_category,6,2.798750007059425,200,0.0,3176.28125,3176.28125,True
2026-08-30T17:35:17.763441+00:00,mongodb,with_indexes,warm,q03_products_by_category,7,2.241082984255627,200,0.0,3176.28125,3176.28125,True
2026-08-30T17:35:17.765676+00:00,mongodb,with_indexes,warm,q03_products_by_category,8,2.06937498296611,200,0.0,3176.28125,3176.28125,True
2026-08-30T17:35:17.767977+00:00,mongodb,with_indexes,warm,q03_products_by_category,9,2.1500830189324915,200,0.0,3176.28125,3176.28125,True
2026-08-30T17:35:17.770278+00:00,mongodb,with_indexes,warm,q03_products_by_category,10,2.1410000044852495,200,0.0,3176.28125,3176.28125,True
2026-08-30T17:35:17.773403+00:00,mongodb,with_indexes,warm,q04_orders_by_customer,1,0.7239169790409505,9,0.0,3176.28125,3176.28125,True
2026-08-30T17:35:17.774167+00:00,mongodb,with_indexes,warm,q04_orders_by_customer,2,0.6329579919110984,9,0.0,3176.28125,3176.28125,True
2026-08-30T17:35:17.774939+00:00,mongodb,with_indexes,warm,q04_orders_by_customer,3,0.6538750021718442,9,0.0,3176.28125,3176.28125,True
2026-08-30T17:35:17.775633+00:00,mongodb,with_indexes,warm,q04_orders_by_customer,4,0.5855420022271574,9,0.0,3176.28125,3176.28125,True
2026-08-30T17:35:17.776356+00:00,mongodb,with_indexes,warm,q04_orders_by_customer,5,0.6038339924998581,9,0.0,3176.28125,3176.28125,True
2026-08-30T17:35:17.777056+00:00,mongodb,with_indexes,warm,q04_orders_by_customer,6,0.5825000116601586,9,0.0,3176.28125,3176.28125,True
2026-08-30T17:35:17.777756+00:00,mongodb,with_indexes,warm,q04_orders_by_customer,7,0.5910840118303895,9,0.0,3176.28125,3176.28125,True
2026-08-30T17:35:17.778434+00:00,mongodb,with_indexes,warm,q04_orders_by_customer,8,0.5671250110026449,9,0.0,3176.28125,3176.28125,True
2026-08-30T17:35:17.779069+00:00,mongodb,with_indexes,warm,q04_orders_by_customer,9,0.5385839904192835,9,0.0,3176.28125,3176.28125,True
2026-08-30T17:35:17.779681+00:00,mongodb,with_indexes,warm,q04_orders_by_customer,10,0.500208989251405,9,0.0,3176.28125,3176.28125,True
2026-08-30T17:35:17.781156+00:00,mongodb,with_indexes,warm,q05_complete_order,1,0.5907919839955866,1,0.0,3176.28125,3176.28125,True
2026-08-30T17:35:17.781800+00:00,mongodb,with_indexes,warm,q05_complete_order,2,0.5399590008892119,1,0.0,3176.28125,3176.28125,True
2026-08-30T17:35:17.782456+00:00,mongodb,with_indexes,warm,q05_complete_order,3,0.5484580178745091,1,0.0,3176.28125,3176.28125,True
2026-08-30T17:35:17.783096+00:00,mongodb,with_indexes,warm,q05_complete_order,4,0.5350830033421516,1,0.0,3176.28125,3176.28125,True
2026-08-30T17:35:17.783749+00:00,mongodb,with_indexes,warm,q05_complete_order,5,0.5545000021811575,1,0.0,3176.28125,3176.28125,True
2026-08-30T17:35:17.784431+00:00,mongodb,with_indexes,warm,q05_complete_order,6,0.5804160027764738,1,0.0,3176.28125,3176.28125,True
2026-08-30T17:35:17.785085+00:00,mongodb,with_indexes,warm,q05_complete_order,7,0.5457920196931809,1,0.0,3176.28125,3176.28125,True
2026-08-30T17:35:17.785719+00:00,mongodb,with_indexes,warm,q05_complete_order,8,0.534582999534905,1,0.0,3176.28125,3176.28125,True
2026-08-30T17:35:17.786307+00:00,mongodb,with_indexes,warm,q05_complete_order,9,0.49983299686573446,1,0.0,3176.28125,3176.28125,True
2026-08-30T17:35:17.786874+00:00,mongodb,with_indexes,warm,q05_complete_order,10,0.4755000118166208,1,0.0,3176.28125,3176.28125,True
2026-08-30T17:35:17.963830+00:00,mongodb,with_indexes,warm,q06_total_sales,1,84.6834999974817,1,21.20853080626901,3176.28125,3176.28125,True
2026-08-30T17:35:18.049633+00:00,mongodb,with_indexes,warm,q06_total_sales,2,85.33016699948348,1,26.08695651440357,3176.28125,3176.28125,True
2026-08-30T17:35:18.134805+00:00,mongodb,with_indexes,warm,q06_total_sales,3,84.76404199609533,1,17.187500012505552,3176.28125,3176.28125,True
2026-08-30T17:35:18.220202+00:00,mongodb,with_indexes,warm,q06_total_sales,4,85.03195800585672,1,19.999999986695393,3176.28125,3176.28125,True
2026-08-30T17:35:18.305333+00:00,mongodb,with_indexes,warm,q06_total_sales,5,84.79154200176708,1,17.910447779866125,3176.28125,3176.28125,True
2026-08-30T17:35:18.390514+00:00,mongodb,with_indexes,warm,q06_total_sales,6,84.77308400324546,1,0.0,3176.28125,3176.28125,True
2026-08-30T17:35:18.475913+00:00,mongodb,with_indexes,warm,q06_total_sales,7,84.8912920046132,1,0.0,3176.28125,3176.28125,True
2026-08-30T17:35:18.561168+00:00,mongodb,with_indexes,warm,q06_total_sales,8,84.86366699798964,1,0.0,3176.28125,3176.28125,True
2026-08-30T17:35:18.646306+00:00,mongodb,with_indexes,warm,q06_total_sales,9,84.77962500182912,1,0.0,3176.28125,3176.28125,True
2026-08-30T17:35:18.731683+00:00,mongodb,with_indexes,warm,q06_total_sales,10,84.8575410200283,1,0.0,3195.921875,3191.5399305555557,True
2026-08-30T17:35:18.793997+00:00,mongodb,with_indexes,warm,q07_sales_date_range,1,29.665332986041903,1,0.0,3195.921875,3195.921875,True
2026-08-30T17:35:18.823997+00:00,mongodb,with_indexes,warm,q07_sales_date_range,2,29.633832979016006,1,0.0,3195.921875,3195.921875,True
2026-08-30T17:35:18.854118+00:00,mongodb,with_indexes,warm,q07_sales_date_range,3,29.592459002742544,1,0.0,3195.921875,3195.921875,True
2026-08-30T17:35:18.883920+00:00,mongodb,with_indexes,warm,q07_sales_date_range,4,29.352249985095114,1,0.0,3195.921875,3195.921875,True
2026-08-30T17:35:18.913204+00:00,mongodb,with_indexes,warm,q07_sales_date_range,5,28.907583007821813,1,0.0,3195.921875,3195.921875,True
2026-08-30T17:35:18.942949+00:00,mongodb,with_indexes,warm,q07_sales_date_range,6,29.365249996772036,1,0.0,3195.921875,3195.921875,True
2026-08-30T17:35:18.972839+00:00,mongodb,with_indexes,warm,q07_sales_date_range,7,29.399334016488865,1,19.54887217739085,3195.921875,3195.921875,True
2026-08-30T17:35:19.002330+00:00,mongodb,with_indexes,warm,q07_sales_date_range,8,29.026333999354392,1,13.043478260869568,3195.921875,3195.921875,True
2026-08-30T17:35:19.032713+00:00,mongodb,with_indexes,warm,q07_sales_date_range,9,29.923708003479987,1,0.0,3195.921875,3195.921875,True
2026-08-30T17:35:19.062313+00:00,mongodb,with_indexes,warm,q07_sales_date_range,10,29.100875020958483,1,0.0,3195.921875,3195.921875,True
2026-08-30T17:35:19.666922+00:00,mongodb,with_indexes,warm,q08_top_products,1,300.76912499498576,20,0.0,3195.921875,3195.921875,True
2026-08-30T17:35:19.964397+00:00,mongodb,with_indexes,warm,q08_top_products,2,297.2015000123065,20,0.0,3199.6875,3199.542668269231,True
2026-08-30T17:35:20.261309+00:00,mongodb,with_indexes,warm,q08_top_products,3,296.6087079839781,20,19.880715706115105,3199.6875,3199.6875,True
2026-08-30T17:35:20.559570+00:00,mongodb,with_indexes,warm,q08_top_products,4,297.9290410003159,20,25.42372881640198,3199.6875,3199.6875,True
2026-08-30T17:35:20.855658+00:00,mongodb,with_indexes,warm,q08_top_products,5,295.8091250038706,20,25.64102564408719,3210.25,3206.170673076923,True
2026-08-30T17:35:21.151588+00:00,mongodb,with_indexes,warm,q08_top_products,6,295.6102079770062,20,19.583333331029284,3210.25,3210.25,True
2026-08-30T17:35:21.449157+00:00,mongodb,with_indexes,warm,q08_top_products,7,297.2872499958612,20,20.588235294693103,3210.25,3210.25,True
2026-08-30T17:35:21.808218+00:00,mongodb,with_indexes,warm,q08_top_products,8,358.78062501433305,20,33.68794325998127,3215.640625,3212.2392578125,True
2026-08-30T17:35:22.106187+00:00,mongodb,with_indexes,warm,q08_top_products,9,297.5886670174077,20,19.831223628526175,3215.640625,3215.640625,True
2026-08-30T17:35:22.406646+00:00,mongodb,with_indexes,warm,q08_top_products,10,299.9494170071557,20,0.0,3215.640625,3215.640625,True
2026-08-30T17:35:48.046067+00:00,mongodb,with_indexes,warm,q09_sales_by_category,1,12896.336458012229,50,22.84658759481799,3243.234375,3212.949723837209,True
2026-08-30T17:36:00.785603+00:00,mongodb,with_indexes,warm,q09_sales_by_category,2,12739.475458016386,50,21.056774574368198,3230.6875,3216.3694428066037,True
2026-08-30T17:36:13.684478+00:00,mongodb,with_indexes,warm,q09_sales_by_category,3,12898.892875004094,50,25.909356156441522,3285.71875,3232.641409883721,True
2026-08-30T17:36:26.464593+00:00,mongodb,with_indexes,warm,q09_sales_by_category,4,12780.039416975342,50,21.71097812219459,3204.890625,3174.9048535983065,True
2026-08-30T17:36:39.249635+00:00,mongodb,with_indexes,warm,q09_sales_by_category,5,12785.103957983665,50,23.239850951300735,3169.8125,3153.442172897196,True
2026-08-30T17:36:52.078806+00:00,mongodb,with_indexes,warm,q09_sales_by_category,6,12829.246790992329,50,21.76505082095821,3167.15625,3144.33827832397,True
2026-08-30T17:37:04.976799+00:00,mongodb,with_indexes,warm,q09_sales_by_category,7,12898.045000009006,50,21.58825816483949,3180.5625,3165.356535414725,True
2026-08-30T17:37:17.740529+00:00,mongodb,with_indexes,warm,q09_sales_by_category,8,12763.864334003301,50,21.532416502863917,3176.984375,3159.9066171287595,True
2026-08-30T17:37:30.488016+00:00,mongodb,with_indexes,warm,q09_sales_by_category,9,12747.622958006104,50,20.835791543710734,3170.96875,3155.196845518868,True
2026-08-30T17:37:43.237848+00:00,mongodb,with_indexes,warm,q09_sales_by_category,10,12749.947166012134,50,21.47281486588518,3164.3125,3143.309120435393,True
2026-08-30T17:37:43.420339+00:00,mongodb,with_indexes,warm,q10_average_order_value,1,90.34399999654852,1,0.0,3136.296875,3136.296875,True
2026-08-30T17:37:43.511453+00:00,mongodb,with_indexes,warm,q10_average_order_value,2,90.5794580176007,1,0.0,3136.296875,3136.296875,True
2026-08-30T17:37:43.602839+00:00,mongodb,with_indexes,warm,q10_average_order_value,3,90.92266598599963,1,0.0,3136.296875,3136.296875,True
2026-08-30T17:37:43.693671+00:00,mongodb,with_indexes,warm,q10_average_order_value,4,90.39379199384712,1,0.0,3136.296875,3136.296875,True
2026-08-30T17:37:43.784904+00:00,mongodb,with_indexes,warm,q10_average_order_value,5,90.74149999651127,1,0.0,3136.296875,3136.296875,True
2026-08-30T17:37:43.875915+00:00,mongodb,with_indexes,warm,q10_average_order_value,6,90.46458400553092,1,0.0,3136.296875,3136.296875,True
2026-08-30T17:37:43.966998+00:00,mongodb,with_indexes,warm,q10_average_order_value,7,90.52183400490321,1,0.0,3137.953125,3137.4010416666665,True
2026-08-30T17:37:44.057976+00:00,mongodb,with_indexes,warm,q10_average_order_value,8,90.47245801775716,1,0.0,3137.953125,3137.949652777778,True
2026-08-30T17:37:44.149221+00:00,mongodb,with_indexes,warm,q10_average_order_value,9,90.77491698553786,1,0.0,3137.953125,3137.953125,True
2026-08-30T17:37:44.240393+00:00,mongodb,with_indexes,warm,q10_average_order_value,10,90.67216701805592,1,19.337016575918188,3137.953125,3137.953125,True
2026-08-30T17:37:44.303276+00:00,mongodb,with_indexes,warm,q11_orders_by_status,1,30.982583004515618,6,21.428571446390098,3137.953125,3137.953125,True
2026-08-30T17:37:44.334043+00:00,mongodb,with_indexes,warm,q11_orders_by_status,2,30.255874997237697,6,19.047619068737475,3137.953125,3137.953125,True
2026-08-30T17:37:44.365353+00:00,mongodb,with_indexes,warm,q11_orders_by_status,3,30.935749993659556,6,23.07692309758852,3137.953125,3137.953125,True
2026-08-30T17:37:44.396526+00:00,mongodb,with_indexes,warm,q11_orders_by_status,4,30.75050000916235,6,19.999999999999996,3137.953125,3137.953125,True
2026-08-30T17:37:44.427647+00:00,mongodb,with_indexes,warm,q11_orders_by_status,5,30.76179200434126,6,0.0,3137.953125,3137.953125,True
2026-08-30T17:37:44.458774+00:00,mongodb,with_indexes,warm,q11_orders_by_status,6,30.610374989919364,6,0.0,3137.953125,3137.953125,True
2026-08-30T17:37:44.489939+00:00,mongodb,with_indexes,warm,q11_orders_by_status,7,30.635292001534253,6,0.0,3137.953125,3137.953125,True
2026-08-30T17:37:44.520959+00:00,mongodb,with_indexes,warm,q11_orders_by_status,8,30.631500005256385,6,0.0,3137.953125,3137.953125,True
2026-08-30T17:37:44.552336+00:00,mongodb,with_indexes,warm,q11_orders_by_status,9,30.91633302392438,6,0.0,3137.953125,3137.953125,True
2026-08-30T17:37:44.583160+00:00,mongodb,with_indexes,warm,q11_orders_by_status,10,30.3263749810867,6,0.0,3137.953125,3137.953125,True
2026-08-30T17:37:44.826531+00:00,mongodb,with_indexes,warm,q12_top_customers,1,117.60491598397493,20,0.0,3137.953125,3137.953125,True
2026-08-30T17:37:44.943157+00:00,mongodb,with_indexes,warm,q12_top_customers,2,116.28387501696125,20,0.0,3142.671875,3139.213068181818,True
2026-08-30T17:37:45.062264+00:00,mongodb,with_indexes,warm,q12_top_customers,3,118.79858298925683,20,0.0,3142.796875,3142.7826704545455,True
2026-08-30T17:37:45.180029+00:00,mongodb,with_indexes,warm,q12_top_customers,4,117.41420801263303,20,0.0,3142.796875,3142.796875,True
2026-08-30T17:37:45.297205+00:00,mongodb,with_indexes,warm,q12_top_customers,5,116.73658297513612,20,19.722222221952745,3142.796875,3142.796875,True
2026-08-30T17:37:45.427942+00:00,mongodb,with_indexes,warm,q12_top_customers,6,130.40925000677817,20,29.411764703196873,3142.796875,3142.796875,True
2026-08-30T17:37:45.550968+00:00,mongodb,with_indexes,warm,q12_top_customers,7,122.7239580184687,20,29.00000000372529,3142.796875,3142.796875,True
2026-08-30T17:37:45.668383+00:00,mongodb,with_indexes,warm,q12_top_customers,8,116.8843749910593,20,0.0,3142.796875,3142.796875,True
2026-08-30T17:37:45.791498+00:00,mongodb,with_indexes,warm,q12_top_customers,9,122.70350000471808,20,0.0,3142.796875,3142.796875,True
2026-08-30T17:37:45.926264+00:00,mongodb,with_indexes,warm,q12_top_customers,10,134.40537502174266,20,0.0,3160.125,3144.2408854166665,True
2026-08-30T17:38:25.946734+00:00,mongodb,with_indexes,warm,q13_heavy_multi_join,1,19608.18895799457,100,29.882924956782063,3280.125,3152.7819776348038,True
2026-08-30T17:38:45.196406+00:00,mongodb,with_indexes,warm,q13_heavy_multi_join,2,19249.386416980997,100,23.35157675272881,3233.8125,3183.837540811567,True
2026-08-30T17:39:04.270514+00:00,mongodb,with_indexes,warm,q13_heavy_multi_join,3,19072.19237499521,100,21.927980023586034,3189.09375,3167.8264336847074,True
2026-08-30T17:39:24.293280+00:00,mongodb,with_indexes,warm,q13_heavy_multi_join,4,20022.740333981346,100,27.132560325932076,3299.296875,3202.793400691106,True
2026-08-30T17:39:43.576766+00:00,mongodb,with_indexes,warm,q13_heavy_multi_join,5,19283.240042015677,100,22.482283336624363,3284.46875,3226.3228328173373,True
2026-08-30T17:40:02.593491+00:00,mongodb,with_indexes,warm,q13_heavy_multi_join,6,19017.028958012816,100,22.448575949407434,3296.640625,3274.0074432892247,True
2026-08-30T17:40:21.550958+00:00,mongodb,with_indexes,warm,q13_heavy_multi_join,7,18957.859957998153,100,20.952380952344285,3297.09375,3260.7258083596216,True
2026-08-30T17:40:40.685598+00:00,mongodb,with_indexes,warm,q13_heavy_multi_join,8,19134.91354099824,100,22.48067094747134,3287.203125,3263.436090225564,True
2026-08-30T17:40:59.856058+00:00,mongodb,with_indexes,warm,q13_heavy_multi_join,9,19170.544624998,100,21.026814911658896,3336.8125,3278.0818914783426,True
2026-08-30T17:41:19.009103+00:00,mongodb,with_indexes,warm,q13_heavy_multi_join,10,19153.38241698919,100,21.70299103341752,3329.21875,3311.0698236076346,True
2026-08-30T17:41:19.016242+00:00,mongodb,with_indexes,warm,q14_insert,1,0.928082998143509,1,0.0,3319.609375,3319.609375,True
2026-08-30T17:41:19.017805+00:00,mongodb,with_indexes,warm,q14_insert,2,0.45516699901781976,1,0.0,3319.609375,3319.609375,True
2026-08-30T17:41:19.019361+00:00,mongodb,with_indexes,warm,q14_insert,3,0.4617090162355453,1,0.0,3319.609375,3319.609375,True
2026-08-30T17:41:19.020901+00:00,mongodb,with_indexes,warm,q14_insert,4,0.4313749959692359,1,0.0,3319.609375,3319.609375,True
2026-08-30T17:41:19.022427+00:00,mongodb,with_indexes,warm,q14_insert,5,0.46779197873547673,1,0.0,3319.609375,3319.609375,True
2026-08-30T17:41:19.023818+00:00,mongodb,with_indexes,warm,q14_insert,6,0.38941699312999845,1,0.0,3319.609375,3319.609375,True
2026-08-30T17:41:19.025230+00:00,mongodb,with_indexes,warm,q14_insert,7,0.42100000428035855,1,0.0,3319.609375,3319.609375,True
2026-08-30T17:41:19.026783+00:00,mongodb,with_indexes,warm,q14_insert,8,0.459333008620888,1,0.0,3319.609375,3319.609375,True
2026-08-30T17:41:19.028370+00:00,mongodb,with_indexes,warm,q14_insert,9,0.46262500109151006,1,0.0,3319.609375,3319.609375,True
2026-08-30T17:41:19.029879+00:00,mongodb,with_indexes,warm,q14_insert,10,0.43104198994114995,1,0.0,3319.609375,3319.609375,True
2026-08-30T17:41:19.032257+00:00,mongodb,with_indexes,warm,q15_update,1,0.8397500205319375,1,0.0,3319.609375,3319.609375,True
2026-08-30T17:41:19.034358+00:00,mongodb,with_indexes,warm,q15_update,2,0.4636670055333525,1,0.0,3319.609375,3319.609375,True
2026-08-30T17:41:19.036275+00:00,mongodb,with_indexes,warm,q15_update,3,0.4264999879524112,1,0.0,3319.609375,3319.609375,True
2026-08-30T17:41:19.038209+00:00,mongodb,with_indexes,warm,q15_update,4,0.4533749888651073,1,0.0,3319.609375,3319.609375,True
2026-08-30T17:41:19.040227+00:00,mongodb,with_indexes,warm,q15_update,5,0.4739590222015977,1,0.0,3319.609375,3319.609375,True
2026-08-30T17:41:19.042321+00:00,mongodb,with_indexes,warm,q15_update,6,0.4903750086668879,1,0.0,3319.609375,3319.609375,True
2026-08-30T17:41:19.044524+00:00,mongodb,with_indexes,warm,q15_update,7,0.4898750048596412,1,0.0,3319.609375,3319.609375,True
2026-08-30T17:41:19.046764+00:00,mongodb,with_indexes,warm,q15_update,8,0.5236660072114319,1,0.0,3319.609375,3319.609375,True
2026-08-30T17:41:19.049076+00:00,mongodb,with_indexes,warm,q15_update,9,0.49354101065546274,1,0.0,3319.609375,3319.609375,True
2026-08-30T17:41:19.051387+00:00,mongodb,with_indexes,warm,q15_update,10,0.5207080102991313,1,0.0,3319.609375,3319.609375,True
2026-08-30T17:41:19.053638+00:00,mongodb,with_indexes,warm,q16_delete,1,0.48366698320023715,1,0.0,3319.609375,3319.609375,True
2026-08-30T17:41:19.055702+00:00,mongodb,with_indexes,warm,q16_delete,2,0.4690839850809425,1,0.0,3319.609375,3319.609375,True
2026-08-30T17:41:19.057751+00:00,mongodb,with_indexes,warm,q16_delete,3,0.44299999717622995,1,0.0,3319.609375,3319.609375,True
2026-08-30T17:41:19.059765+00:00,mongodb,with_indexes,warm,q16_delete,4,0.437625014455989,1,0.0,3319.609375,3319.609375,True
2026-08-30T17:41:19.061901+00:00,mongodb,with_indexes,warm,q16_delete,5,0.4760419833473861,1,0.0,3319.609375,3319.609375,True
2026-08-30T17:41:19.063994+00:00,mongodb,with_indexes,warm,q16_delete,6,0.47558301594108343,1,0.0,3319.609375,3319.609375,True
2026-08-30T17:41:19.065780+00:00,mongodb,with_indexes,warm,q16_delete,7,0.3711660101544112,1,0.0,3319.609375,3319.609375,True
2026-08-30T17:41:19.067496+00:00,mongodb,with_indexes,warm,q16_delete,8,0.403584010200575,1,0.0,3319.609375,3319.609375,True
2026-08-30T17:41:19.069394+00:00,mongodb,with_indexes,warm,q16_delete,9,0.4421669873408973,1,0.0,3319.609375,3319.609375,True
2026-08-30T17:41:19.071292+00:00,mongodb,with_indexes,warm,q16_delete,10,0.4290830111131072,1,0.0,3319.609375,3319.609375,True
